date_id,date
1,1-Jan-08
2,2-Jan-08
3,3-Jan-08
4,4-Jan-08
5,5-Jan-08
6,6-Jan-08
7,7-Jan-08
8,8-Jan-08
9,9-Jan-08
10,10-Jan-08
11,11-Jan-08
12,12-Jan-08
13,13-Jan-08
14,14-Jan-08
15,15-Jan-08
16,16-Jan-08
17,17-Jan-08
18,18-Jan-08
19,19-Jan-08
20,20-Jan-08
21,21-Jan-08
22,22-Jan-08
23,23-Jan-08
24,24-Jan-08
25,25-Jan-08
26,26-Jan-08
27,27-Jan-08
28,28-Jan-08
29,29-Jan-08
30,30-Jan-08
31,31-Jan-08
32,1-Feb-08
33,2-Feb-08
34,3-Feb-08
35,4-Feb-08
36,5-Feb-08
37,6-Feb-08
38,7-Feb-08
39,8-Feb-08
40,9-Feb-08
41,10-Feb-08
42,11-Feb-08
43,12-Feb-08
44,13-Feb-08
45,14-Feb-08
46,15-Feb-08
47,16-Feb-08
48,17-Feb-08
49,18-Feb-08
50,19-Feb-08
51,20-Feb-08
52,21-Feb-08
53,22-Feb-08
54,23-Feb-08
55,24-Feb-08
56,25-Feb-08
57,26-Feb-08
58,27-Feb-08
59,28-Feb-08
60,29-Feb-08
61,1-Mar-08
62,2-Mar-08
63,3-Mar-08
64,4-Mar-08
65,5-Mar-08
66,6-Mar-08
67,7-Mar-08
68,8-Mar-08
69,9-Mar-08
70,10-Mar-08
71,11-Mar-08
72,12-Mar-08
73,13-Mar-08
74,14-Mar-08
75,15-Mar-08
76,16-Mar-08
77,17-Mar-08
78,18-Mar-08
79,19-Mar-08
80,20-Mar-08
81,21-Mar-08
82,22-Mar-08
83,23-Mar-08
84,24-Mar-08
85,25-Mar-08
86,26-Mar-08
87,27-Mar-08
88,28-Mar-08
89,29-Mar-08
90,30-Mar-08
91,31-Mar-08
92,1-Apr-08
93,2-Apr-08
94,3-Apr-08
95,4-Apr-08
96,5-Apr-08
97,6-Apr-08
98,7-Apr-08
99,8-Apr-08
100,9-Apr-08
101,10-Apr-08
102,11-Apr-08
103,12-Apr-08
104,13-Apr-08
105,14-Apr-08
106,15-Apr-08
107,16-Apr-08
108,17-Apr-08
109,18-Apr-08
110,19-Apr-08
111,20-Apr-08
112,21-Apr-08
113,22-Apr-08
114,23-Apr-08
115,24-Apr-08
116,25-Apr-08
117,26-Apr-08
118,27-Apr-08
119,28-Apr-08
120,29-Apr-08
121,30-Apr-08
122,1-May-08
123,2-May-08
124,3-May-08
125,4-May-08
126,5-May-08
127,6-May-08
128,7-May-08
129,8-May-08
130,9-May-08
131,10-May-08
132,11-May-08
133,12-May-08
134,13-May-08
135,14-May-08
136,15-May-08
137,16-May-08
138,17-May-08
139,18-May-08
140,19-May-08
141,20-May-08
142,21-May-08
143,22-May-08
144,23-May-08
145,24-May-08
146,25-May-08
147,26-May-08
148,27-May-08
149,28-May-08
150,29-May-08
151,30-May-08
152,31-May-08
153,1-Jun-08
154,2-Jun-08
155,3-Jun-08
156,4-Jun-08
157,5-Jun-08
158,6-Jun-08
159,7-Jun-08
160,8-Jun-08
161,9-Jun-08
162,10-Jun-08
163,11-Jun-08
164,12-Jun-08
165,13-Jun-08
166,14-Jun-08
167,15-Jun-08
168,16-Jun-08
169,17-Jun-08
170,18-Jun-08
171,19-Jun-08
172,20-Jun-08
173,21-Jun-08
174,22-Jun-08
175,23-Jun-08
176,24-Jun-08
177,25-Jun-08
178,26-Jun-08
179,27-Jun-08
180,28-Jun-08
181,29-Jun-08
182,30-Jun-08
183,1-Jul-08
184,2-Jul-08
185,3-Jul-08
186,4-Jul-08
187,5-Jul-08
188,6-Jul-08
189,7-Jul-08
190,8-Jul-08
191,9-Jul-08
192,10-Jul-08
193,11-Jul-08
194,12-Jul-08
195,13-Jul-08
196,14-Jul-08
197,15-Jul-08
198,16-Jul-08
199,17-Jul-08
200,18-Jul-08
201,19-Jul-08
202,20-Jul-08
203,21-Jul-08
204,22-Jul-08
205,23-Jul-08
206,24-Jul-08
207,25-Jul-08
208,26-Jul-08
209,27-Jul-08
210,28-Jul-08
211,29-Jul-08
212,30-Jul-08
213,31-Jul-08
214,1-Aug-08
215,2-Aug-08
216,3-Aug-08
217,4-Aug-08
218,5-Aug-08
219,6-Aug-08
220,7-Aug-08
221,8-Aug-08
222,9-Aug-08
223,10-Aug-08
224,11-Aug-08
225,12-Aug-08
226,13-Aug-08
227,14-Aug-08
228,15-Aug-08
229,16-Aug-08
230,17-Aug-08
231,18-Aug-08
232,19-Aug-08
233,20-Aug-08
234,21-Aug-08
235,22-Aug-08
236,23-Aug-08
237,24-Aug-08
238,25-Aug-08
239,26-Aug-08
240,27-Aug-08
241,28-Aug-08
242,29-Aug-08
243,30-Aug-08
244,31-Aug-08
245,1-Sep-08
246,2-Sep-08
247,3-Sep-08
248,4-Sep-08
249,5-Sep-08
250,6-Sep-08
251,7-Sep-08
252,8-Sep-08
253,9-Sep-08
254,10-Sep-08
255,11-Sep-08
256,12-Sep-08
257,13-Sep-08
258,14-Sep-08
259,15-Sep-08
260,16-Sep-08
261,17-Sep-08
262,18-Sep-08
263,19-Sep-08
264,20-Sep-08
265,21-Sep-08
266,22-Sep-08
267,23-Sep-08
268,24-Sep-08
269,25-Sep-08
270,26-Sep-08
271,27-Sep-08
272,28-Sep-08
273,29-Sep-08
274,30-Sep-08
275,1-Oct-08
276,2-Oct-08
277,3-Oct-08
278,4-Oct-08
279,5-Oct-08
280,6-Oct-08
281,7-Oct-08
282,8-Oct-08
283,9-Oct-08
284,10-Oct-08
285,11-Oct-08
286,12-Oct-08
287,13-Oct-08
288,14-Oct-08
289,15-Oct-08
290,16-Oct-08
291,17-Oct-08
292,18-Oct-08
293,19-Oct-08
294,20-Oct-08
295,21-Oct-08
296,22-Oct-08
297,23-Oct-08
298,24-Oct-08
299,25-Oct-08
300,26-Oct-08
301,27-Oct-08
302,28-Oct-08
303,29-Oct-08
304,30-Oct-08
305,31-Oct-08
306,1-Nov-08
307,2-Nov-08
308,3-Nov-08
309,4-Nov-08
310,5-Nov-08
311,6-Nov-08
312,7-Nov-08
313,8-Nov-08
314,9-Nov-08
315,10-Nov-08
316,11-Nov-08
317,12-Nov-08
318,13-Nov-08
319,14-Nov-08
320,15-Nov-08
321,16-Nov-08
322,17-Nov-08
323,18-Nov-08
324,19-Nov-08
325,20-Nov-08
326,21-Nov-08
327,22-Nov-08
328,23-Nov-08
329,24-Nov-08
330,25-Nov-08
331,26-Nov-08
332,27-Nov-08
333,28-Nov-08
334,29-Nov-08
335,30-Nov-08
336,1-Dec-08
337,2-Dec-08
338,3-Dec-08
339,4-Dec-08
340,5-Dec-08
341,6-Dec-08
342,7-Dec-08
343,8-Dec-08
344,9-Dec-08
345,10-Dec-08
346,11-Dec-08
347,12-Dec-08
348,13-Dec-08
349,14-Dec-08
350,15-Dec-08
351,16-Dec-08
352,17-Dec-08
353,18-Dec-08
354,19-Dec-08
355,20-Dec-08
356,21-Dec-08
357,22-Dec-08
358,23-Dec-08
359,24-Dec-08
360,25-Dec-08
361,26-Dec-08
362,27-Dec-08
363,28-Dec-08
364,29-Dec-08
365,30-Dec-08
366,31-Dec-08
367,1-Jan-09
368,2-Jan-09
369,3-Jan-09
370,4-Jan-09
371,5-Jan-09
372,6-Jan-09
373,7-Jan-09
374,8-Jan-09
375,9-Jan-09
376,10-Jan-09
377,11-Jan-09
378,12-Jan-09
379,13-Jan-09
380,14-Jan-09
381,15-Jan-09
382,16-Jan-09
383,17-Jan-09
384,18-Jan-09
385,19-Jan-09
386,20-Jan-09
387,21-Jan-09
388,22-Jan-09
389,23-Jan-09
390,24-Jan-09
391,25-Jan-09
392,26-Jan-09
393,27-Jan-09
394,28-Jan-09
395,29-Jan-09
396,30-Jan-09
397,31-Jan-09
398,1-Feb-09
399,2-Feb-09
400,3-Feb-09
401,4-Feb-09
402,5-Feb-09
403,6-Feb-09
404,7-Feb-09
405,8-Feb-09
406,9-Feb-09
407,10-Feb-09
408,11-Feb-09
409,12-Feb-09
410,13-Feb-09
411,14-Feb-09
412,15-Feb-09
413,16-Feb-09
414,17-Feb-09
415,18-Feb-09
416,19-Feb-09
417,20-Feb-09
418,21-Feb-09
419,22-Feb-09
420,23-Feb-09
421,24-Feb-09
422,25-Feb-09
423,26-Feb-09
424,27-Feb-09
425,28-Feb-09
426,1-Mar-09
427,2-Mar-09
428,3-Mar-09
429,4-Mar-09
430,5-Mar-09
431,6-Mar-09
432,7-Mar-09
433,8-Mar-09
434,9-Mar-09
435,10-Mar-09
436,11-Mar-09
437,12-Mar-09
438,13-Mar-09
439,14-Mar-09
440,15-Mar-09
441,16-Mar-09
442,17-Mar-09
443,18-Mar-09
444,19-Mar-09
445,20-Mar-09
446,21-Mar-09
447,22-Mar-09
448,23-Mar-09
449,24-Mar-09
450,25-Mar-09
451,26-Mar-09
452,27-Mar-09
453,28-Mar-09
454,29-Mar-09
455,30-Mar-09
456,31-Mar-09
457,1-Apr-09
458,2-Apr-09
459,3-Apr-09
460,4-Apr-09
461,5-Apr-09
462,6-Apr-09
463,7-Apr-09
464,8-Apr-09
465,9-Apr-09
466,10-Apr-09
467,11-Apr-09
468,12-Apr-09
469,13-Apr-09
470,14-Apr-09
471,15-Apr-09
472,16-Apr-09
473,17-Apr-09
474,18-Apr-09
475,19-Apr-09
476,20-Apr-09
477,21-Apr-09
478,22-Apr-09
479,23-Apr-09
480,24-Apr-09
481,25-Apr-09
482,26-Apr-09
483,27-Apr-09
484,28-Apr-09
485,29-Apr-09
486,30-Apr-09
487,1-May-09
488,2-May-09
489,3-May-09
490,4-May-09
491,5-May-09
492,6-May-09
493,7-May-09
494,8-May-09
495,9-May-09
496,10-May-09
497,11-May-09
498,12-May-09
499,13-May-09
500,14-May-09
501,15-May-09
502,16-May-09
503,17-May-09
504,18-May-09
505,19-May-09
506,20-May-09
507,21-May-09
508,22-May-09
509,23-May-09
510,24-May-09
511,25-May-09
512,26-May-09
513,27-May-09
514,28-May-09
515,29-May-09
516,30-May-09
517,31-May-09
518,1-Jun-09
519,2-Jun-09
520,3-Jun-09
521,4-Jun-09
522,5-Jun-09
523,6-Jun-09
524,7-Jun-09
525,8-Jun-09
526,9-Jun-09
527,10-Jun-09
528,11-Jun-09
529,12-Jun-09
530,13-Jun-09
531,14-Jun-09
532,15-Jun-09
533,16-Jun-09
534,17-Jun-09
535,18-Jun-09
536,19-Jun-09
537,20-Jun-09
538,21-Jun-09
539,22-Jun-09
540,23-Jun-09
541,24-Jun-09
542,25-Jun-09
543,26-Jun-09
544,27-Jun-09
545,28-Jun-09
546,29-Jun-09
547,30-Jun-09
548,1-Jul-09
549,2-Jul-09
550,3-Jul-09
551,4-Jul-09
552,5-Jul-09
553,6-Jul-09
554,7-Jul-09
555,8-Jul-09
556,9-Jul-09
557,10-Jul-09
558,11-Jul-09
559,12-Jul-09
560,13-Jul-09
561,14-Jul-09
562,15-Jul-09
563,16-Jul-09
564,17-Jul-09
565,18-Jul-09
566,19-Jul-09
567,20-Jul-09
568,21-Jul-09
569,22-Jul-09
570,23-Jul-09
571,24-Jul-09
572,25-Jul-09
573,26-Jul-09
574,27-Jul-09
575,28-Jul-09
576,29-Jul-09
577,30-Jul-09
578,31-Jul-09
579,1-Aug-09
580,2-Aug-09
581,3-Aug-09
582,4-Aug-09
583,5-Aug-09
584,6-Aug-09
585,7-Aug-09
586,8-Aug-09
587,9-Aug-09
588,10-Aug-09
589,11-Aug-09
590,12-Aug-09
591,13-Aug-09
592,14-Aug-09
593,15-Aug-09
594,16-Aug-09
595,17-Aug-09
596,18-Aug-09
597,19-Aug-09
598,20-Aug-09
599,21-Aug-09
600,22-Aug-09
601,23-Aug-09
602,24-Aug-09
603,25-Aug-09
604,26-Aug-09
605,27-Aug-09
606,28-Aug-09
607,29-Aug-09
608,30-Aug-09
609,31-Aug-09
610,1-Sep-09
611,2-Sep-09
612,3-Sep-09
613,4-Sep-09
614,5-Sep-09
615,6-Sep-09
616,7-Sep-09
617,8-Sep-09
618,9-Sep-09
619,10-Sep-09
620,11-Sep-09
621,12-Sep-09
622,13-Sep-09
623,14-Sep-09
624,15-Sep-09
625,16-Sep-09
626,17-Sep-09
627,18-Sep-09
628,19-Sep-09
629,20-Sep-09
630,21-Sep-09
631,22-Sep-09
632,23-Sep-09
633,24-Sep-09
634,25-Sep-09
635,26-Sep-09
636,27-Sep-09
637,28-Sep-09
638,29-Sep-09
639,30-Sep-09
640,1-Oct-09
641,2-Oct-09
642,3-Oct-09
643,4-Oct-09
644,5-Oct-09
645,6-Oct-09
646,7-Oct-09
647,8-Oct-09
648,9-Oct-09
649,10-Oct-09
650,11-Oct-09
651,12-Oct-09
652,13-Oct-09
653,14-Oct-09
654,15-Oct-09
655,16-Oct-09
656,17-Oct-09
657,18-Oct-09
658,19-Oct-09
659,20-Oct-09
660,21-Oct-09
661,22-Oct-09
662,23-Oct-09
663,24-Oct-09
664,25-Oct-09
665,26-Oct-09
666,27-Oct-09
667,28-Oct-09
668,29-Oct-09
669,30-Oct-09
670,31-Oct-09
671,1-Nov-09
672,2-Nov-09
673,3-Nov-09
674,4-Nov-09
675,5-Nov-09
676,6-Nov-09
677,7-Nov-09
678,8-Nov-09
679,9-Nov-09
680,10-Nov-09
681,11-Nov-09
682,12-Nov-09
683,13-Nov-09
684,14-Nov-09
685,15-Nov-09
686,16-Nov-09
687,17-Nov-09
688,18-Nov-09
689,19-Nov-09
690,20-Nov-09
691,21-Nov-09
692,22-Nov-09
693,23-Nov-09
694,24-Nov-09
695,25-Nov-09
696,26-Nov-09
697,27-Nov-09
698,28-Nov-09
699,29-Nov-09
700,30-Nov-09
701,1-Dec-09
702,2-Dec-09
703,3-Dec-09
704,4-Dec-09
705,5-Dec-09
706,6-Dec-09
707,7-Dec-09
708,8-Dec-09
709,9-Dec-09
710,10-Dec-09
711,11-Dec-09
712,12-Dec-09
713,13-Dec-09
714,14-Dec-09
715,15-Dec-09
716,16-Dec-09
717,17-Dec-09
718,18-Dec-09
719,19-Dec-09
720,20-Dec-09
721,21-Dec-09
722,22-Dec-09
723,23-Dec-09
724,24-Dec-09
725,25-Dec-09
726,26-Dec-09
727,27-Dec-09
728,28-Dec-09
729,29-Dec-09
730,30-Dec-09
731,31-Dec-09
732,1-Jan-10
733,2-Jan-10
734,3-Jan-10
735,4-Jan-10
736,5-Jan-10
737,6-Jan-10
738,7-Jan-10
739,8-Jan-10
740,9-Jan-10
741,10-Jan-10
742,11-Jan-10
743,12-Jan-10
744,13-Jan-10
745,14-Jan-10
746,15-Jan-10
747,16-Jan-10
748,17-Jan-10
749,18-Jan-10
750,19-Jan-10
751,20-Jan-10
752,21-Jan-10
753,22-Jan-10
754,23-Jan-10
755,24-Jan-10
756,25-Jan-10
757,26-Jan-10
758,27-Jan-10
759,28-Jan-10
760,29-Jan-10
761,30-Jan-10
762,31-Jan-10
763,1-Feb-10
764,2-Feb-10
765,3-Feb-10
766,4-Feb-10
767,5-Feb-10
768,6-Feb-10
769,7-Feb-10
770,8-Feb-10
771,9-Feb-10
772,10-Feb-10
773,11-Feb-10
774,12-Feb-10
775,13-Feb-10
776,14-Feb-10
777,15-Feb-10
778,16-Feb-10
779,17-Feb-10
780,18-Feb-10
781,19-Feb-10
782,20-Feb-10
783,21-Feb-10
784,22-Feb-10
785,23-Feb-10
786,24-Feb-10
787,25-Feb-10
788,26-Feb-10
789,27-Feb-10
790,28-Feb-10
791,1-Mar-10
792,2-Mar-10
793,3-Mar-10
794,4-Mar-10
795,5-Mar-10
796,6-Mar-10
797,7-Mar-10
798,8-Mar-10
799,9-Mar-10
800,10-Mar-10
801,11-Mar-10
802,12-Mar-10
803,13-Mar-10
804,14-Mar-10
805,15-Mar-10
806,16-Mar-10
807,17-Mar-10
808,18-Mar-10
809,19-Mar-10
810,20-Mar-10
811,21-Mar-10
812,22-Mar-10
813,23-Mar-10
814,24-Mar-10
815,25-Mar-10
816,26-Mar-10
817,27-Mar-10
818,28-Mar-10
819,29-Mar-10
820,30-Mar-10
821,31-Mar-10
822,1-Apr-10
823,2-Apr-10
824,3-Apr-10
825,4-Apr-10
826,5-Apr-10
827,6-Apr-10
828,7-Apr-10
829,8-Apr-10
830,9-Apr-10
831,10-Apr-10
832,11-Apr-10
833,12-Apr-10
834,13-Apr-10
835,14-Apr-10
836,15-Apr-10
837,16-Apr-10
838,17-Apr-10
839,18-Apr-10
840,19-Apr-10
841,20-Apr-10
842,21-Apr-10
843,22-Apr-10
844,23-Apr-10
845,24-Apr-10
846,25-Apr-10
847,26-Apr-10
848,27-Apr-10
849,28-Apr-10
850,29-Apr-10
851,30-Apr-10
852,1-May-10
853,2-May-10
854,3-May-10
855,4-May-10
856,5-May-10
857,6-May-10
858,7-May-10
859,8-May-10
860,9-May-10
861,10-May-10
862,11-May-10
863,12-May-10
864,13-May-10
865,14-May-10
866,15-May-10
867,16-May-10
868,17-May-10
869,18-May-10
870,19-May-10
871,20-May-10
872,21-May-10
873,22-May-10
874,23-May-10
875,24-May-10
876,25-May-10
877,26-May-10
878,27-May-10
879,28-May-10
880,29-May-10
881,30-May-10
882,31-May-10
883,1-Jun-10
884,2-Jun-10
885,3-Jun-10
886,4-Jun-10
887,5-Jun-10
888,6-Jun-10
889,7-Jun-10
890,8-Jun-10
891,9-Jun-10
892,10-Jun-10
893,11-Jun-10
894,12-Jun-10
895,13-Jun-10
896,14-Jun-10
897,15-Jun-10
898,16-Jun-10
899,17-Jun-10
900,18-Jun-10
901,19-Jun-10
902,20-Jun-10
903,21-Jun-10
904,22-Jun-10
905,23-Jun-10
906,24-Jun-10
907,25-Jun-10
908,26-Jun-10
909,27-Jun-10
910,28-Jun-10
911,29-Jun-10
912,30-Jun-10
913,1-Jul-10
914,2-Jul-10
915,3-Jul-10
916,4-Jul-10
917,5-Jul-10
918,6-Jul-10
919,7-Jul-10
920,8-Jul-10
921,9-Jul-10
922,10-Jul-10
923,11-Jul-10
924,12-Jul-10
925,13-Jul-10
926,14-Jul-10
927,15-Jul-10
928,16-Jul-10
929,17-Jul-10
930,18-Jul-10
931,19-Jul-10
932,20-Jul-10
933,21-Jul-10
934,22-Jul-10
935,23-Jul-10
936,24-Jul-10
937,25-Jul-10
938,26-Jul-10
939,27-Jul-10
940,28-Jul-10
941,29-Jul-10
942,30-Jul-10
943,31-Jul-10
944,1-Aug-10
945,2-Aug-10
946,3-Aug-10
947,4-Aug-10
948,5-Aug-10
949,6-Aug-10
950,7-Aug-10
951,8-Aug-10
952,9-Aug-10
953,10-Aug-10
954,11-Aug-10
955,12-Aug-10
956,13-Aug-10
957,14-Aug-10
958,15-Aug-10
959,16-Aug-10
960,17-Aug-10
961,18-Aug-10
962,19-Aug-10
963,20-Aug-10
964,21-Aug-10
965,22-Aug-10
966,23-Aug-10
967,24-Aug-10
968,25-Aug-10
969,26-Aug-10
970,27-Aug-10
971,28-Aug-10
972,29-Aug-10
973,30-Aug-10
974,31-Aug-10
975,1-Sep-10
976,2-Sep-10
977,3-Sep-10
978,4-Sep-10
979,5-Sep-10
980,6-Sep-10
981,7-Sep-10
982,8-Sep-10
983,9-Sep-10
984,10-Sep-10
985,11-Sep-10
986,12-Sep-10
987,13-Sep-10
988,14-Sep-10
989,15-Sep-10
990,16-Sep-10
991,17-Sep-10
992,18-Sep-10
993,19-Sep-10
994,20-Sep-10
995,21-Sep-10
996,22-Sep-10
997,23-Sep-10
998,24-Sep-10
999,25-Sep-10
1000,26-Sep-10
1001,27-Sep-10
1002,28-Sep-10
1003,29-Sep-10
1004,30-Sep-10
1005,1-Oct-10
1006,2-Oct-10
1007,3-Oct-10
1008,4-Oct-10
1009,5-Oct-10
1010,6-Oct-10
1011,7-Oct-10
1012,8-Oct-10
1013,9-Oct-10
1014,10-Oct-10
1015,11-Oct-10
1016,12-Oct-10
1017,13-Oct-10
1018,14-Oct-10
1019,15-Oct-10
1020,16-Oct-10
1021,17-Oct-10
1022,18-Oct-10
1023,19-Oct-10
1024,20-Oct-10
1025,21-Oct-10
1026,22-Oct-10
1027,23-Oct-10
1028,24-Oct-10
1029,25-Oct-10
1030,26-Oct-10
1031,27-Oct-10
1032,28-Oct-10
1033,29-Oct-10
1034,30-Oct-10
1035,31-Oct-10
1036,1-Nov-10
1037,2-Nov-10
1038,3-Nov-10
1039,4-Nov-10
1040,5-Nov-10
1041,6-Nov-10
1042,7-Nov-10
1043,8-Nov-10
1044,9-Nov-10
1045,10-Nov-10
1046,11-Nov-10
1047,12-Nov-10
1048,13-Nov-10
1049,14-Nov-10
1050,15-Nov-10
1051,16-Nov-10
1052,17-Nov-10
1053,18-Nov-10
1054,19-Nov-10
1055,20-Nov-10
1056,21-Nov-10
1057,22-Nov-10
1058,23-Nov-10
1059,24-Nov-10
1060,25-Nov-10
1061,26-Nov-10
1062,27-Nov-10
1063,28-Nov-10
1064,29-Nov-10
1065,30-Nov-10
1066,1-Dec-10
1067,2-Dec-10
1068,3-Dec-10
1069,4-Dec-10
1070,5-Dec-10
1071,6-Dec-10
1072,7-Dec-10
1073,8-Dec-10
1074,9-Dec-10
1075,10-Dec-10
1076,11-Dec-10
1077,12-Dec-10
1078,13-Dec-10
1079,14-Dec-10
1080,15-Dec-10
1081,16-Dec-10
1082,17-Dec-10
1083,18-Dec-10
1084,19-Dec-10
1085,20-Dec-10
1086,21-Dec-10
1087,22-Dec-10
1088,23-Dec-10
1089,24-Dec-10
1090,25-Dec-10
1091,26-Dec-10
1092,27-Dec-10
1093,28-Dec-10
1094,29-Dec-10
1095,30-Dec-10
1096,31-Dec-10
1097,1-Jan-11
1098,2-Jan-11
1099,3-Jan-11
1100,4-Jan-11
1101,5-Jan-11
1102,6-Jan-11
1103,7-Jan-11
1104,8-Jan-11
1105,9-Jan-11
1106,10-Jan-11
1107,11-Jan-11
1108,12-Jan-11
1109,13-Jan-11
1110,14-Jan-11
1111,15-Jan-11
1112,16-Jan-11
1113,17-Jan-11
1114,18-Jan-11
1115,19-Jan-11
1116,20-Jan-11
1117,21-Jan-11
1118,22-Jan-11
1119,23-Jan-11
1120,24-Jan-11
1121,25-Jan-11
1122,26-Jan-11
1123,27-Jan-11
1124,28-Jan-11
1125,29-Jan-11
1126,30-Jan-11
1127,31-Jan-11
1128,1-Feb-11
1129,2-Feb-11
1130,3-Feb-11
1131,4-Feb-11
1132,5-Feb-11
1133,6-Feb-11
1134,7-Feb-11
1135,8-Feb-11
1136,9-Feb-11
1137,10-Feb-11
1138,11-Feb-11
1139,12-Feb-11
1140,13-Feb-11
1141,14-Feb-11
1142,15-Feb-11
1143,16-Feb-11
1144,17-Feb-11
1145,18-Feb-11
1146,19-Feb-11
1147,20-Feb-11
1148,21-Feb-11
1149,22-Feb-11
1150,23-Feb-11
1151,24-Feb-11
1152,25-Feb-11
1153,26-Feb-11
1154,27-Feb-11
1155,28-Feb-11
1156,1-Mar-11
1157,2-Mar-11
1158,3-Mar-11
1159,4-Mar-11
1160,5-Mar-11
1161,6-Mar-11
1162,7-Mar-11
1163,8-Mar-11
1164,9-Mar-11
1165,10-Mar-11
1166,11-Mar-11
1167,12-Mar-11
1168,13-Mar-11
1169,14-Mar-11
1170,15-Mar-11
1171,16-Mar-11
1172,17-Mar-11
1173,18-Mar-11
1174,19-Mar-11
1175,20-Mar-11
1176,21-Mar-11
1177,22-Mar-11
1178,23-Mar-11
1179,24-Mar-11
1180,25-Mar-11
1181,26-Mar-11
1182,27-Mar-11
1183,28-Mar-11
1184,29-Mar-11
1185,30-Mar-11
1186,31-Mar-11
1187,1-Apr-11
1188,2-Apr-11
1189,3-Apr-11
1190,4-Apr-11
1191,5-Apr-11
1192,6-Apr-11
1193,7-Apr-11
1194,8-Apr-11
1195,9-Apr-11
1196,10-Apr-11
1197,11-Apr-11
1198,12-Apr-11
1199,13-Apr-11
1200,14-Apr-11
1201,15-Apr-11
1202,16-Apr-11
1203,17-Apr-11
1204,18-Apr-11
1205,19-Apr-11
1206,20-Apr-11
1207,21-Apr-11
1208,22-Apr-11
1209,23-Apr-11
1210,24-Apr-11
1211,25-Apr-11
1212,26-Apr-11
1213,27-Apr-11
1214,28-Apr-11
1215,29-Apr-11
1216,30-Apr-11
1217,1-May-11
1218,2-May-11
1219,3-May-11
1220,4-May-11
1221,5-May-11
1222,6-May-11
1223,7-May-11
1224,8-May-11
1225,9-May-11
1226,10-May-11
1227,11-May-11
1228,12-May-11
1229,13-May-11
1230,14-May-11
1231,15-May-11
1232,16-May-11
1233,17-May-11
1234,18-May-11
1235,19-May-11
1236,20-May-11
1237,21-May-11
1238,22-May-11
1239,23-May-11
1240,24-May-11
1241,25-May-11
1242,26-May-11
1243,27-May-11
1244,28-May-11
1245,29-May-11
1246,30-May-11
1247,31-May-11
1248,1-Jun-11
1249,2-Jun-11
1250,3-Jun-11
1251,4-Jun-11
1252,5-Jun-11
1253,6-Jun-11
1254,7-Jun-11
1255,8-Jun-11
1256,9-Jun-11
1257,10-Jun-11
1258,11-Jun-11
1259,12-Jun-11
1260,13-Jun-11
1261,14-Jun-11
1262,15-Jun-11
1263,16-Jun-11
1264,17-Jun-11
1265,18-Jun-11
1266,19-Jun-11
1267,20-Jun-11
1268,21-Jun-11
1269,22-Jun-11
1270,23-Jun-11
1271,24-Jun-11
1272,25-Jun-11
1273,26-Jun-11
1274,27-Jun-11
1275,28-Jun-11
1276,29-Jun-11
1277,30-Jun-11
1278,1-Jul-11
1279,2-Jul-11
1280,3-Jul-11
1281,4-Jul-11
1282,5-Jul-11
1283,6-Jul-11
1284,7-Jul-11
1285,8-Jul-11
1286,9-Jul-11
1287,10-Jul-11
1288,11-Jul-11
1289,12-Jul-11
1290,13-Jul-11
1291,14-Jul-11
1292,15-Jul-11
1293,16-Jul-11
1294,17-Jul-11
1295,18-Jul-11
1296,19-Jul-11
1297,20-Jul-11
1298,21-Jul-11
1299,22-Jul-11
1300,23-Jul-11
1301,24-Jul-11
1302,25-Jul-11
1303,26-Jul-11
1304,27-Jul-11
1305,28-Jul-11
1306,29-Jul-11
1307,30-Jul-11
1308,31-Jul-11
1309,1-Aug-11
1310,2-Aug-11
1311,3-Aug-11
1312,4-Aug-11
1313,5-Aug-11
1314,6-Aug-11
1315,7-Aug-11
1316,8-Aug-11
1317,9-Aug-11
1318,10-Aug-11
1319,11-Aug-11
1320,12-Aug-11
1321,13-Aug-11
1322,14-Aug-11
1323,15-Aug-11
1324,16-Aug-11
1325,17-Aug-11
1326,18-Aug-11
1327,19-Aug-11
1328,20-Aug-11
1329,21-Aug-11
1330,22-Aug-11
1331,23-Aug-11
1332,24-Aug-11
1333,25-Aug-11
1334,26-Aug-11
1335,27-Aug-11
1336,28-Aug-11
1337,29-Aug-11
1338,30-Aug-11
1339,31-Aug-11
1340,1-Sep-11
1341,2-Sep-11
1342,3-Sep-11
1343,4-Sep-11
1344,5-Sep-11
1345,6-Sep-11
1346,7-Sep-11
1347,8-Sep-11
1348,9-Sep-11
1349,10-Sep-11
1350,11-Sep-11
1351,12-Sep-11
1352,13-Sep-11
1353,14-Sep-11
1354,15-Sep-11
1355,16-Sep-11
1356,17-Sep-11
1357,18-Sep-11
1358,19-Sep-11
1359,20-Sep-11
1360,21-Sep-11
1361,22-Sep-11
1362,23-Sep-11
1363,24-Sep-11
1364,25-Sep-11
1365,26-Sep-11
1366,27-Sep-11
1367,28-Sep-11
1368,29-Sep-11
1369,30-Sep-11
1370,1-Oct-11
1371,2-Oct-11
1372,3-Oct-11
1373,4-Oct-11
1374,5-Oct-11
1375,6-Oct-11
1376,7-Oct-11
1377,8-Oct-11
1378,9-Oct-11
1379,10-Oct-11
1380,11-Oct-11
1381,12-Oct-11
1382,13-Oct-11
1383,14-Oct-11
1384,15-Oct-11
1385,16-Oct-11
1386,17-Oct-11
1387,18-Oct-11
1388,19-Oct-11
1389,20-Oct-11
1390,21-Oct-11
1391,22-Oct-11
1392,23-Oct-11
1393,24-Oct-11
1394,25-Oct-11
1395,26-Oct-11
1396,27-Oct-11
1397,28-Oct-11
1398,29-Oct-11
1399,30-Oct-11
1400,31-Oct-11
1401,1-Nov-11
1402,2-Nov-11
1403,3-Nov-11
1404,4-Nov-11
1405,5-Nov-11
1406,6-Nov-11
1407,7-Nov-11
1408,8-Nov-11
1409,9-Nov-11
1410,10-Nov-11
1411,11-Nov-11
1412,12-Nov-11
1413,13-Nov-11
1414,14-Nov-11
1415,15-Nov-11
1416,16-Nov-11
1417,17-Nov-11
1418,18-Nov-11
1419,19-Nov-11
1420,20-Nov-11
1421,21-Nov-11
1422,22-Nov-11
1423,23-Nov-11
1424,24-Nov-11
1425,25-Nov-11
1426,26-Nov-11
1427,27-Nov-11
1428,28-Nov-11
1429,29-Nov-11
1430,30-Nov-11
1431,1-Dec-11
1432,2-Dec-11
1433,3-Dec-11
1434,4-Dec-11
1435,5-Dec-11
1436,6-Dec-11
1437,7-Dec-11
1438,8-Dec-11
1439,9-Dec-11
1440,10-Dec-11
1441,11-Dec-11
1442,12-Dec-11
1443,13-Dec-11
1444,14-Dec-11
1445,15-Dec-11
1446,16-Dec-11
1447,17-Dec-11
1448,18-Dec-11
1449,19-Dec-11
1450,20-Dec-11
1451,21-Dec-11
1452,22-Dec-11
1453,23-Dec-11
1454,24-Dec-11
1455,25-Dec-11
1456,26-Dec-11
1457,27-Dec-11
1458,28-Dec-11
1459,29-Dec-11
1460,30-Dec-11
1461,31-Dec-11
1462,1-Jan-12
1463,2-Jan-12
1464,3-Jan-12
1465,4-Jan-12
1466,5-Jan-12
1467,6-Jan-12
1468,7-Jan-12
1469,8-Jan-12
1470,9-Jan-12
1471,10-Jan-12
1472,11-Jan-12
1473,12-Jan-12
1474,13-Jan-12
1475,14-Jan-12
1476,15-Jan-12
1477,16-Jan-12
1478,17-Jan-12
1479,18-Jan-12
1480,19-Jan-12
1481,20-Jan-12
1482,21-Jan-12
1483,22-Jan-12
1484,23-Jan-12
1485,24-Jan-12
1486,25-Jan-12
1487,26-Jan-12
1488,27-Jan-12
1489,28-Jan-12
1490,29-Jan-12
1491,30-Jan-12
1492,31-Jan-12
1493,1-Feb-12
1494,2-Feb-12
1495,3-Feb-12
1496,4-Feb-12
1497,5-Feb-12
1498,6-Feb-12
1499,7-Feb-12
1500,8-Feb-12
1501,9-Feb-12
1502,10-Feb-12
1503,11-Feb-12
1504,12-Feb-12
1505,13-Feb-12
1506,14-Feb-12
1507,15-Feb-12
1508,16-Feb-12
1509,17-Feb-12
1510,18-Feb-12
1511,19-Feb-12
1512,20-Feb-12
1513,21-Feb-12
1514,22-Feb-12
1515,23-Feb-12
1516,24-Feb-12
1517,25-Feb-12
1518,26-Feb-12
1519,27-Feb-12
1520,28-Feb-12
1521,29-Feb-12
1522,1-Mar-12
1523,2-Mar-12
1524,3-Mar-12
1525,4-Mar-12
1526,5-Mar-12
1527,6-Mar-12
1528,7-Mar-12
1529,8-Mar-12
1530,9-Mar-12
1531,10-Mar-12
1532,11-Mar-12
1533,12-Mar-12
1534,13-Mar-12
1535,14-Mar-12
1536,15-Mar-12
1537,16-Mar-12
1538,17-Mar-12
1539,18-Mar-12
1540,19-Mar-12
1541,20-Mar-12
1542,21-Mar-12
1543,22-Mar-12
1544,23-Mar-12
1545,24-Mar-12
1546,25-Mar-12
1547,26-Mar-12
1548,27-Mar-12
1549,28-Mar-12
1550,29-Mar-12
1551,30-Mar-12
1552,31-Mar-12
1553,1-Apr-12
1554,2-Apr-12
1555,3-Apr-12
1556,4-Apr-12
1557,5-Apr-12
1558,6-Apr-12
1559,7-Apr-12
1560,8-Apr-12
1561,9-Apr-12
1562,10-Apr-12
1563,11-Apr-12
1564,12-Apr-12
1565,13-Apr-12
1566,14-Apr-12
1567,15-Apr-12
1568,16-Apr-12
1569,17-Apr-12
1570,18-Apr-12
1571,19-Apr-12
1572,20-Apr-12
1573,21-Apr-12
1574,22-Apr-12
1575,23-Apr-12
1576,24-Apr-12
1577,25-Apr-12
1578,26-Apr-12
1579,27-Apr-12
1580,28-Apr-12
1581,29-Apr-12
1582,30-Apr-12
1583,1-May-12
1584,2-May-12
1585,3-May-12
1586,4-May-12
1587,5-May-12
1588,6-May-12
1589,7-May-12
1590,8-May-12
1591,9-May-12
1592,10-May-12
1593,11-May-12
1594,12-May-12
1595,13-May-12
1596,14-May-12
1597,15-May-12
1598,16-May-12
1599,17-May-12
1600,18-May-12
1601,19-May-12
1602,20-May-12
1603,21-May-12
1604,22-May-12
1605,23-May-12
1606,24-May-12
1607,25-May-12
1608,26-May-12
1609,27-May-12
1610,28-May-12
1611,29-May-12
1612,30-May-12
1613,31-May-12
1614,1-Jun-12
1615,2-Jun-12
1616,3-Jun-12
1617,4-Jun-12
1618,5-Jun-12
1619,6-Jun-12
1620,7-Jun-12
1621,8-Jun-12
1622,9-Jun-12
1623,10-Jun-12
1624,11-Jun-12
1625,12-Jun-12
1626,13-Jun-12
1627,14-Jun-12
1628,15-Jun-12
1629,16-Jun-12
1630,17-Jun-12
1631,18-Jun-12
1632,19-Jun-12
1633,20-Jun-12
1634,21-Jun-12
1635,22-Jun-12
1636,23-Jun-12
1637,24-Jun-12
1638,25-Jun-12
1639,26-Jun-12
1640,27-Jun-12
1641,28-Jun-12
1642,29-Jun-12
1643,30-Jun-12
1644,1-Jul-12
1645,2-Jul-12
1646,3-Jul-12
1647,4-Jul-12
1648,5-Jul-12
1649,6-Jul-12
1650,7-Jul-12
1651,8-Jul-12
1652,9-Jul-12
1653,10-Jul-12
1654,11-Jul-12
1655,12-Jul-12
1656,13-Jul-12
1657,14-Jul-12
1658,15-Jul-12
1659,16-Jul-12
1660,17-Jul-12
1661,18-Jul-12
1662,19-Jul-12
1663,20-Jul-12
1664,21-Jul-12
1665,22-Jul-12
1666,23-Jul-12
1667,24-Jul-12
1668,25-Jul-12
1669,26-Jul-12
1670,27-Jul-12
1671,28-Jul-12
1672,29-Jul-12
1673,30-Jul-12
1674,31-Jul-12
1675,1-Aug-12
1676,2-Aug-12
1677,3-Aug-12
1678,4-Aug-12
1679,5-Aug-12
1680,6-Aug-12
1681,7-Aug-12
1682,8-Aug-12
1683,9-Aug-12
1684,10-Aug-12
1685,11-Aug-12
1686,12-Aug-12
1687,13-Aug-12
1688,14-Aug-12
1689,15-Aug-12
1690,16-Aug-12
1691,17-Aug-12
1692,18-Aug-12
1693,19-Aug-12
1694,20-Aug-12
1695,21-Aug-12
1696,22-Aug-12
1697,23-Aug-12
1698,24-Aug-12
1699,25-Aug-12
1700,26-Aug-12
1701,27-Aug-12
1702,28-Aug-12
1703,29-Aug-12
1704,30-Aug-12
1705,31-Aug-12
1706,1-Sep-12
1707,2-Sep-12
1708,3-Sep-12
1709,4-Sep-12
1710,5-Sep-12
1711,6-Sep-12
1712,7-Sep-12
1713,8-Sep-12
1714,9-Sep-12
1715,10-Sep-12
1716,11-Sep-12
1717,12-Sep-12
1718,13-Sep-12
1719,14-Sep-12
1720,15-Sep-12
1721,16-Sep-12
1722,17-Sep-12
1723,18-Sep-12
1724,19-Sep-12
1725,20-Sep-12
1726,21-Sep-12
1727,22-Sep-12
1728,23-Sep-12
1729,24-Sep-12
1730,25-Sep-12
1731,26-Sep-12
1732,27-Sep-12
1733,28-Sep-12
1734,29-Sep-12
1735,30-Sep-12
1736,1-Oct-12
1737,2-Oct-12
1738,3-Oct-12
1739,4-Oct-12
1740,5-Oct-12
1741,6-Oct-12
1742,7-Oct-12
1743,8-Oct-12
1744,9-Oct-12
1745,10-Oct-12
1746,11-Oct-12
1747,12-Oct-12
1748,13-Oct-12
1749,14-Oct-12
1750,15-Oct-12
1751,16-Oct-12
1752,17-Oct-12
1753,18-Oct-12
1754,19-Oct-12
1755,20-Oct-12
1756,21-Oct-12
1757,22-Oct-12
1758,23-Oct-12
1759,24-Oct-12
1760,25-Oct-12
1761,26-Oct-12
1762,27-Oct-12
1763,28-Oct-12
1764,29-Oct-12
1765,30-Oct-12
1766,31-Oct-12
1767,1-Nov-12
1768,2-Nov-12
1769,3-Nov-12
1770,4-Nov-12
1771,5-Nov-12
1772,6-Nov-12
1773,7-Nov-12
1774,8-Nov-12
1775,9-Nov-12
1776,10-Nov-12
1777,11-Nov-12
1778,12-Nov-12
1779,13-Nov-12
1780,14-Nov-12
1781,15-Nov-12
1782,16-Nov-12
1783,17-Nov-12
1784,18-Nov-12
1785,19-Nov-12
1786,20-Nov-12
1787,21-Nov-12
1788,22-Nov-12
1789,23-Nov-12
1790,24-Nov-12
1791,25-Nov-12
1792,26-Nov-12
1793,27-Nov-12
1794,28-Nov-12
1795,29-Nov-12
1796,30-Nov-12
1797,1-Dec-12
1798,2-Dec-12
1799,3-Dec-12
1800,4-Dec-12
1801,5-Dec-12
1802,6-Dec-12
1803,7-Dec-12
1804,8-Dec-12
1805,9-Dec-12
1806,10-Dec-12
1807,11-Dec-12
1808,12-Dec-12
1809,13-Dec-12
1810,14-Dec-12
1811,15-Dec-12
1812,16-Dec-12
1813,17-Dec-12
1814,18-Dec-12
1815,19-Dec-12
1816,20-Dec-12
1817,21-Dec-12
1818,22-Dec-12
1819,23-Dec-12
1820,24-Dec-12
1821,25-Dec-12
1822,26-Dec-12
1823,27-Dec-12
1824,28-Dec-12
1825,29-Dec-12
1826,30-Dec-12
1827,31-Dec-12
1828,1-Jan-13
1829,2-Jan-13
1830,3-Jan-13
1831,4-Jan-13
1832,5-Jan-13
1833,6-Jan-13
1834,7-Jan-13
1835,8-Jan-13
1836,9-Jan-13
1837,10-Jan-13
1838,11-Jan-13
1839,12-Jan-13
1840,13-Jan-13
1841,14-Jan-13
1842,15-Jan-13
1843,16-Jan-13
1844,17-Jan-13
1845,18-Jan-13
1846,19-Jan-13
1847,20-Jan-13
1848,21-Jan-13
1849,22-Jan-13
1850,23-Jan-13
1851,24-Jan-13
1852,25-Jan-13
1853,26-Jan-13
1854,27-Jan-13
1855,28-Jan-13
1856,29-Jan-13
1857,30-Jan-13
1858,31-Jan-13
1859,1-Feb-13
1860,2-Feb-13
1861,3-Feb-13
1862,4-Feb-13
1863,5-Feb-13
1864,6-Feb-13
1865,7-Feb-13
1866,8-Feb-13
1867,9-Feb-13
1868,10-Feb-13
1869,11-Feb-13
1870,12-Feb-13
1871,13-Feb-13
1872,14-Feb-13
1873,15-Feb-13
1874,16-Feb-13
1875,17-Feb-13
1876,18-Feb-13
1877,19-Feb-13
1878,20-Feb-13
1879,21-Feb-13
1880,22-Feb-13
1881,23-Feb-13
1882,24-Feb-13
1883,25-Feb-13
1884,26-Feb-13
1885,27-Feb-13
1886,28-Feb-13
1887,1-Mar-13
1888,2-Mar-13
1889,3-Mar-13
1890,4-Mar-13
1891,5-Mar-13
1892,6-Mar-13
1893,7-Mar-13
1894,8-Mar-13
1895,9-Mar-13
1896,10-Mar-13
1897,11-Mar-13
1898,12-Mar-13
1899,13-Mar-13
1900,14-Mar-13
1901,15-Mar-13
1902,16-Mar-13
1903,17-Mar-13
1904,18-Mar-13
1905,19-Mar-13
1906,20-Mar-13
1907,21-Mar-13
1908,22-Mar-13
1909,23-Mar-13
1910,24-Mar-13
1911,25-Mar-13
1912,26-Mar-13
1913,27-Mar-13
1914,28-Mar-13
1915,29-Mar-13
1916,30-Mar-13
1917,31-Mar-13
1918,1-Apr-13
1919,2-Apr-13
1920,3-Apr-13
1921,4-Apr-13
1922,5-Apr-13
1923,6-Apr-13
1924,7-Apr-13
1925,8-Apr-13
1926,9-Apr-13
1927,10-Apr-13
1928,11-Apr-13
1929,12-Apr-13
1930,13-Apr-13
1931,14-Apr-13
1932,15-Apr-13
1933,16-Apr-13
1934,17-Apr-13
1935,18-Apr-13
1936,19-Apr-13
1937,20-Apr-13
1938,21-Apr-13
1939,22-Apr-13
1940,23-Apr-13
1941,24-Apr-13
1942,25-Apr-13
1943,26-Apr-13
1944,27-Apr-13
1945,28-Apr-13
1946,29-Apr-13
1947,30-Apr-13
1948,1-May-13
1949,2-May-13
1950,3-May-13
1951,4-May-13
1952,5-May-13
1953,6-May-13
1954,7-May-13
1955,8-May-13
1956,9-May-13
1957,10-May-13
1958,11-May-13
1959,12-May-13
1960,13-May-13
1961,14-May-13
1962,15-May-13
1963,16-May-13
1964,17-May-13
1965,18-May-13
1966,19-May-13
1967,20-May-13
1968,21-May-13
1969,22-May-13
1970,23-May-13
1971,24-May-13
1972,25-May-13
1973,26-May-13
1974,27-May-13
1975,28-May-13
1976,29-May-13
1977,30-May-13
1978,31-May-13
1979,1-Jun-13
1980,2-Jun-13
1981,3-Jun-13
1982,4-Jun-13
1983,5-Jun-13
1984,6-Jun-13
1985,7-Jun-13
1986,8-Jun-13
1987,9-Jun-13
1988,10-Jun-13
1989,11-Jun-13
1990,12-Jun-13
1991,13-Jun-13
1992,14-Jun-13
1993,15-Jun-13
1994,16-Jun-13
1995,17-Jun-13
1996,18-Jun-13
1997,19-Jun-13
1998,20-Jun-13
1999,21-Jun-13
2000,22-Jun-13
2001,23-Jun-13
2002,24-Jun-13
2003,25-Jun-13
2004,26-Jun-13
2005,27-Jun-13
2006,28-Jun-13
2007,29-Jun-13
2008,30-Jun-13
2009,1-Jul-13
2010,2-Jul-13
2011,3-Jul-13
2012,4-Jul-13
2013,5-Jul-13
2014,6-Jul-13
2015,7-Jul-13
2016,8-Jul-13
2017,9-Jul-13
2018,10-Jul-13
2019,11-Jul-13
2020,12-Jul-13
2021,13-Jul-13
2022,14-Jul-13
2023,15-Jul-13
2024,16-Jul-13
2025,17-Jul-13
2026,18-Jul-13
2027,19-Jul-13
2028,20-Jul-13
2029,21-Jul-13
2030,22-Jul-13
2031,23-Jul-13
2032,24-Jul-13
2033,25-Jul-13
2034,26-Jul-13
2035,27-Jul-13
2036,28-Jul-13
2037,29-Jul-13
2038,30-Jul-13
2039,31-Jul-13
2040,1-Aug-13
2041,2-Aug-13
2042,3-Aug-13
2043,4-Aug-13
2044,5-Aug-13
2045,6-Aug-13
2046,7-Aug-13
2047,8-Aug-13
2048,9-Aug-13
2049,10-Aug-13
2050,11-Aug-13
2051,12-Aug-13
2052,13-Aug-13
2053,14-Aug-13
2054,15-Aug-13
2055,16-Aug-13
2056,17-Aug-13
2057,18-Aug-13
2058,19-Aug-13
2059,20-Aug-13
2060,21-Aug-13
2061,22-Aug-13
2062,23-Aug-13
2063,24-Aug-13
2064,25-Aug-13
2065,26-Aug-13
2066,27-Aug-13
2067,28-Aug-13
2068,29-Aug-13
2069,30-Aug-13
2070,31-Aug-13
2071,1-Sep-13
2072,2-Sep-13
2073,3-Sep-13
2074,4-Sep-13
2075,5-Sep-13
2076,6-Sep-13
2077,7-Sep-13
2078,8-Sep-13
2079,9-Sep-13
2080,10-Sep-13
2081,11-Sep-13
2082,12-Sep-13
2083,13-Sep-13
2084,14-Sep-13
2085,15-Sep-13
2086,16-Sep-13
2087,17-Sep-13
2088,18-Sep-13
2089,19-Sep-13
2090,20-Sep-13
2091,21-Sep-13
2092,22-Sep-13
2093,23-Sep-13
2094,24-Sep-13
2095,25-Sep-13
2096,26-Sep-13
2097,27-Sep-13
2098,28-Sep-13
2099,29-Sep-13
2100,30-Sep-13
2101,1-Oct-13
2102,2-Oct-13
2103,3-Oct-13
2104,4-Oct-13
2105,5-Oct-13
2106,6-Oct-13
2107,7-Oct-13
2108,8-Oct-13
2109,9-Oct-13
2110,10-Oct-13
2111,11-Oct-13
2112,12-Oct-13
2113,13-Oct-13
2114,14-Oct-13
2115,15-Oct-13
2116,16-Oct-13
2117,17-Oct-13
2118,18-Oct-13
2119,19-Oct-13
2120,20-Oct-13
2121,21-Oct-13
2122,22-Oct-13
2123,23-Oct-13
2124,24-Oct-13
2125,25-Oct-13
2126,26-Oct-13
2127,27-Oct-13
2128,28-Oct-13
2129,29-Oct-13
2130,30-Oct-13
2131,31-Oct-13
2132,1-Nov-13
2133,2-Nov-13
2134,3-Nov-13
2135,4-Nov-13
2136,5-Nov-13
2137,6-Nov-13
2138,7-Nov-13
2139,8-Nov-13
2140,9-Nov-13
2141,10-Nov-13
2142,11-Nov-13
2143,12-Nov-13
2144,13-Nov-13
2145,14-Nov-13
2146,15-Nov-13
2147,16-Nov-13
2148,17-Nov-13
2149,18-Nov-13
2150,19-Nov-13
2151,20-Nov-13
2152,21-Nov-13
2153,22-Nov-13
2154,23-Nov-13
2155,24-Nov-13
2156,25-Nov-13
2157,26-Nov-13
2158,27-Nov-13
2159,28-Nov-13
2160,29-Nov-13
2161,30-Nov-13
2162,1-Dec-13
2163,2-Dec-13
2164,3-Dec-13
2165,4-Dec-13
2166,5-Dec-13
2167,6-Dec-13
2168,7-Dec-13
2169,8-Dec-13
2170,9-Dec-13
2171,10-Dec-13
2172,11-Dec-13
2173,12-Dec-13
2174,13-Dec-13
2175,14-Dec-13
2176,15-Dec-13
2177,16-Dec-13
2178,17-Dec-13
2179,18-Dec-13
2180,19-Dec-13
2181,20-Dec-13
2182,21-Dec-13
2183,22-Dec-13
2184,23-Dec-13
2185,24-Dec-13
2186,25-Dec-13
2187,26-Dec-13
2188,27-Dec-13
2189,28-Dec-13
2190,29-Dec-13
2191,30-Dec-13
2192,31-Dec-13
2193,1-Jan-14
2194,2-Jan-14
2195,3-Jan-14
2196,4-Jan-14
2197,5-Jan-14
2198,6-Jan-14
2199,7-Jan-14
2200,8-Jan-14
2201,9-Jan-14
2202,10-Jan-14
2203,11-Jan-14
2204,12-Jan-14
2205,13-Jan-14
2206,14-Jan-14
2207,15-Jan-14
2208,16-Jan-14
2209,17-Jan-14
2210,18-Jan-14
2211,19-Jan-14
2212,20-Jan-14
2213,21-Jan-14
2214,22-Jan-14
2215,23-Jan-14
2216,24-Jan-14
2217,25-Jan-14
2218,26-Jan-14
2219,27-Jan-14
2220,28-Jan-14
2221,29-Jan-14
2222,30-Jan-14
2223,31-Jan-14
2224,1-Feb-14
2225,2-Feb-14
2226,3-Feb-14
2227,4-Feb-14
2228,5-Feb-14
2229,6-Feb-14
2230,7-Feb-14
2231,8-Feb-14
2232,9-Feb-14
2233,10-Feb-14
2234,11-Feb-14
2235,12-Feb-14
2236,13-Feb-14
2237,14-Feb-14
2238,15-Feb-14
2239,16-Feb-14
2240,17-Feb-14
2241,18-Feb-14
2242,19-Feb-14
2243,20-Feb-14
2244,21-Feb-14
2245,22-Feb-14
2246,23-Feb-14
2247,24-Feb-14
2248,25-Feb-14
2249,26-Feb-14
2250,27-Feb-14
2251,28-Feb-14
2252,1-Mar-14
2253,2-Mar-14
2254,3-Mar-14
2255,4-Mar-14
2256,5-Mar-14
2257,6-Mar-14
2258,7-Mar-14
2259,8-Mar-14
2260,9-Mar-14
2261,10-Mar-14
2262,11-Mar-14
2263,12-Mar-14
2264,13-Mar-14
2265,14-Mar-14
2266,15-Mar-14
2267,16-Mar-14
2268,17-Mar-14
2269,18-Mar-14
2270,19-Mar-14
2271,20-Mar-14
2272,21-Mar-14
2273,22-Mar-14
2274,23-Mar-14
2275,24-Mar-14
2276,25-Mar-14
2277,26-Mar-14
2278,27-Mar-14
2279,28-Mar-14
2280,29-Mar-14
2281,30-Mar-14
2282,31-Mar-14
2283,1-Apr-14
2284,2-Apr-14
2285,3-Apr-14
2286,4-Apr-14
2287,5-Apr-14
2288,6-Apr-14
2289,7-Apr-14
2290,8-Apr-14
2291,9-Apr-14
2292,10-Apr-14
2293,11-Apr-14
2294,12-Apr-14
2295,13-Apr-14
2296,14-Apr-14
2297,15-Apr-14
2298,16-Apr-14
2299,17-Apr-14
2300,18-Apr-14
2301,19-Apr-14
2302,20-Apr-14
2303,21-Apr-14
2304,22-Apr-14
2305,23-Apr-14
2306,24-Apr-14
2307,25-Apr-14
2308,26-Apr-14
2309,27-Apr-14
2310,28-Apr-14
2311,29-Apr-14
2312,30-Apr-14
2313,1-May-14
2314,2-May-14
2315,3-May-14
2316,4-May-14
2317,5-May-14
2318,6-May-14
2319,7-May-14
2320,8-May-14
2321,9-May-14
2322,10-May-14
2323,11-May-14
2324,12-May-14
2325,13-May-14
2326,14-May-14
2327,15-May-14
2328,16-May-14
2329,17-May-14
2330,18-May-14
2331,19-May-14
2332,20-May-14
2333,21-May-14
2334,22-May-14
2335,23-May-14
2336,24-May-14
2337,25-May-14
2338,26-May-14
2339,27-May-14
2340,28-May-14
2341,29-May-14
2342,30-May-14
2343,31-May-14
2344,1-Jun-14
2345,2-Jun-14
2346,3-Jun-14
2347,4-Jun-14
2348,5-Jun-14
2349,6-Jun-14
2350,7-Jun-14
2351,8-Jun-14
2352,9-Jun-14
2353,10-Jun-14
2354,11-Jun-14
2355,12-Jun-14
2356,13-Jun-14
2357,14-Jun-14
2358,15-Jun-14
2359,16-Jun-14
2360,17-Jun-14
2361,18-Jun-14
2362,19-Jun-14
2363,20-Jun-14
2364,21-Jun-14
2365,22-Jun-14
2366,23-Jun-14
2367,24-Jun-14
2368,25-Jun-14
2369,26-Jun-14
2370,27-Jun-14
2371,28-Jun-14
2372,29-Jun-14
2373,30-Jun-14
2374,1-Jul-14
2375,2-Jul-14
2376,3-Jul-14
2377,4-Jul-14
2378,5-Jul-14
2379,6-Jul-14
2380,7-Jul-14
2381,8-Jul-14
2382,9-Jul-14
2383,10-Jul-14
2384,11-Jul-14
2385,12-Jul-14
2386,13-Jul-14
2387,14-Jul-14
2388,15-Jul-14
2389,16-Jul-14
2390,17-Jul-14
2391,18-Jul-14
2392,19-Jul-14
2393,20-Jul-14
2394,21-Jul-14
2395,22-Jul-14
2396,23-Jul-14
2397,24-Jul-14
2398,25-Jul-14
2399,26-Jul-14
2400,27-Jul-14
2401,28-Jul-14
2402,29-Jul-14
2403,30-Jul-14
2404,31-Jul-14
2405,1-Aug-14
2406,2-Aug-14
2407,3-Aug-14
2408,4-Aug-14
2409,5-Aug-14
2410,6-Aug-14
2411,7-Aug-14
2412,8-Aug-14
2413,9-Aug-14
2414,10-Aug-14
2415,11-Aug-14
2416,12-Aug-14
2417,13-Aug-14
2418,14-Aug-14
2419,15-Aug-14
2420,16-Aug-14
2421,17-Aug-14
2422,18-Aug-14
2423,19-Aug-14
2424,20-Aug-14
2425,21-Aug-14
2426,22-Aug-14
2427,23-Aug-14
2428,24-Aug-14
2429,25-Aug-14
2430,26-Aug-14
2431,27-Aug-14
2432,28-Aug-14
2433,29-Aug-14
2434,30-Aug-14
2435,31-Aug-14
2436,1-Sep-14
2437,2-Sep-14
2438,3-Sep-14
2439,4-Sep-14
2440,5-Sep-14
2441,6-Sep-14
2442,7-Sep-14
2443,8-Sep-14
2444,9-Sep-14
2445,10-Sep-14
2446,11-Sep-14
2447,12-Sep-14
2448,13-Sep-14
2449,14-Sep-14
2450,15-Sep-14
2451,16-Sep-14
2452,17-Sep-14
2453,18-Sep-14
2454,19-Sep-14
2455,20-Sep-14
2456,21-Sep-14
2457,22-Sep-14
2458,23-Sep-14
2459,24-Sep-14
2460,25-Sep-14
2461,26-Sep-14
2462,27-Sep-14
2463,28-Sep-14
2464,29-Sep-14
2465,30-Sep-14
2466,1-Oct-14
2467,2-Oct-14
2468,3-Oct-14
2469,4-Oct-14
2470,5-Oct-14
2471,6-Oct-14
2472,7-Oct-14
2473,8-Oct-14
2474,9-Oct-14
2475,10-Oct-14
2476,11-Oct-14
2477,12-Oct-14
2478,13-Oct-14
2479,14-Oct-14
2480,15-Oct-14
2481,16-Oct-14
2482,17-Oct-14
2483,18-Oct-14
2484,19-Oct-14
2485,20-Oct-14
2486,21-Oct-14
2487,22-Oct-14
2488,23-Oct-14
2489,24-Oct-14
2490,25-Oct-14
2491,26-Oct-14
2492,27-Oct-14
2493,28-Oct-14
2494,29-Oct-14
2495,30-Oct-14
2496,31-Oct-14
2497,1-Nov-14
2498,2-Nov-14
2499,3-Nov-14
2500,4-Nov-14
2501,5-Nov-14
2502,6-Nov-14
2503,7-Nov-14
2504,8-Nov-14
2505,9-Nov-14
2506,10-Nov-14
2507,11-Nov-14
2508,12-Nov-14
2509,13-Nov-14
2510,14-Nov-14
2511,15-Nov-14
2512,16-Nov-14
2513,17-Nov-14
2514,18-Nov-14
2515,19-Nov-14
2516,20-Nov-14
2517,21-Nov-14
2518,22-Nov-14
2519,23-Nov-14
2520,24-Nov-14
2521,25-Nov-14
2522,26-Nov-14
2523,27-Nov-14
2524,28-Nov-14
2525,29-Nov-14
2526,30-Nov-14
2527,1-Dec-14
2528,2-Dec-14
2529,3-Dec-14
2530,4-Dec-14
2531,5-Dec-14
2532,6-Dec-14
2533,7-Dec-14
2534,8-Dec-14
2535,9-Dec-14
2536,10-Dec-14
2537,11-Dec-14
2538,12-Dec-14
2539,13-Dec-14
2540,14-Dec-14
2541,15-Dec-14
2542,16-Dec-14
2543,17-Dec-14
2544,18-Dec-14
2545,19-Dec-14
2546,20-Dec-14
2547,21-Dec-14
2548,22-Dec-14
2549,23-Dec-14
2550,24-Dec-14
2551,25-Dec-14
2552,26-Dec-14
2553,27-Dec-14
2554,28-Dec-14
2555,29-Dec-14
2556,30-Dec-14
2557,31-Dec-14
2558,1-Jan-15
2559,2-Jan-15
2560,3-Jan-15
2561,4-Jan-15
2562,5-Jan-15
2563,6-Jan-15
2564,7-Jan-15
2565,8-Jan-15
2566,9-Jan-15
2567,10-Jan-15
2568,11-Jan-15
2569,12-Jan-15
2570,13-Jan-15
2571,14-Jan-15
2572,15-Jan-15
2573,16-Jan-15
2574,17-Jan-15
2575,18-Jan-15
2576,19-Jan-15
2577,20-Jan-15
2578,21-Jan-15
2579,22-Jan-15
2580,23-Jan-15
2581,24-Jan-15
2582,25-Jan-15
2583,26-Jan-15
2584,27-Jan-15
2585,28-Jan-15
2586,29-Jan-15
2587,30-Jan-15
2588,31-Jan-15
2589,1-Feb-15
2590,2-Feb-15
2591,3-Feb-15
2592,4-Feb-15
2593,5-Feb-15
2594,6-Feb-15
2595,7-Feb-15
2596,8-Feb-15
2597,9-Feb-15
2598,10-Feb-15
2599,11-Feb-15
2600,12-Feb-15
2601,13-Feb-15
2602,14-Feb-15
2603,15-Feb-15
2604,16-Feb-15
2605,17-Feb-15
2606,18-Feb-15
2607,19-Feb-15
2608,20-Feb-15
2609,21-Feb-15
2610,22-Feb-15
2611,23-Feb-15
2612,24-Feb-15
2613,25-Feb-15
2614,26-Feb-15
2615,27-Feb-15
2616,28-Feb-15
2617,1-Mar-15
2618,2-Mar-15
2619,3-Mar-15
2620,4-Mar-15
2621,5-Mar-15
2622,6-Mar-15
2623,7-Mar-15
2624,8-Mar-15
2625,9-Mar-15
2626,10-Mar-15
2627,11-Mar-15
2628,12-Mar-15
2629,13-Mar-15
2630,14-Mar-15
2631,15-Mar-15
2632,16-Mar-15
2633,17-Mar-15
2634,18-Mar-15
2635,19-Mar-15
2636,20-Mar-15
2637,21-Mar-15
2638,22-Mar-15
2639,23-Mar-15
2640,24-Mar-15
2641,25-Mar-15
2642,26-Mar-15
2643,27-Mar-15
2644,28-Mar-15
2645,29-Mar-15
2646,30-Mar-15
2647,31-Mar-15
2648,1-Apr-15
2649,2-Apr-15
2650,3-Apr-15
2651,4-Apr-15
2652,5-Apr-15
2653,6-Apr-15
2654,7-Apr-15
2655,8-Apr-15
2656,9-Apr-15
2657,10-Apr-15
2658,11-Apr-15
2659,12-Apr-15
2660,13-Apr-15
2661,14-Apr-15
2662,15-Apr-15
2663,16-Apr-15
2664,17-Apr-15
2665,18-Apr-15
2666,19-Apr-15
2667,20-Apr-15
2668,21-Apr-15
2669,22-Apr-15
2670,23-Apr-15
2671,24-Apr-15
2672,25-Apr-15
2673,26-Apr-15
2674,27-Apr-15
2675,28-Apr-15
2676,29-Apr-15
2677,30-Apr-15
2678,1-May-15
2679,2-May-15
2680,3-May-15
2681,4-May-15
2682,5-May-15
2683,6-May-15
2684,7-May-15
2685,8-May-15
2686,9-May-15
2687,10-May-15
2688,11-May-15
2689,12-May-15
2690,13-May-15
2691,14-May-15
2692,15-May-15
2693,16-May-15
2694,17-May-15
2695,18-May-15
2696,19-May-15
2697,20-May-15
2698,21-May-15
2699,22-May-15
2700,23-May-15
2701,24-May-15
2702,25-May-15
2703,26-May-15
2704,27-May-15
2705,28-May-15
2706,29-May-15
2707,30-May-15
2708,31-May-15
2709,1-Jun-15
2710,2-Jun-15
2711,3-Jun-15
2712,4-Jun-15
2713,5-Jun-15
2714,6-Jun-15
2715,7-Jun-15
2716,8-Jun-15
2717,9-Jun-15
2718,10-Jun-15
2719,11-Jun-15
2720,12-Jun-15
2721,13-Jun-15
2722,14-Jun-15
2723,15-Jun-15
2724,16-Jun-15
2725,17-Jun-15
2726,18-Jun-15
2727,19-Jun-15
2728,20-Jun-15
2729,21-Jun-15
2730,22-Jun-15
2731,23-Jun-15
2732,24-Jun-15
2733,25-Jun-15
2734,26-Jun-15
2735,27-Jun-15
2736,28-Jun-15
2737,29-Jun-15
2738,30-Jun-15
2739,1-Jul-15
2740,2-Jul-15
2741,3-Jul-15
2742,4-Jul-15
2743,5-Jul-15
2744,6-Jul-15
2745,7-Jul-15
2746,8-Jul-15
2747,9-Jul-15
2748,10-Jul-15
2749,11-Jul-15
2750,12-Jul-15
2751,13-Jul-15
2752,14-Jul-15
2753,15-Jul-15
2754,16-Jul-15
2755,17-Jul-15
2756,18-Jul-15
2757,19-Jul-15
2758,20-Jul-15
2759,21-Jul-15
2760,22-Jul-15
2761,23-Jul-15
2762,24-Jul-15
2763,25-Jul-15
2764,26-Jul-15
2765,27-Jul-15
2766,28-Jul-15
2767,29-Jul-15
2768,30-Jul-15
2769,31-Jul-15
2770,1-Aug-15
2771,2-Aug-15
2772,3-Aug-15
2773,4-Aug-15
2774,5-Aug-15
2775,6-Aug-15
2776,7-Aug-15
2777,8-Aug-15
2778,9-Aug-15
2779,10-Aug-15
2780,11-Aug-15
2781,12-Aug-15
2782,13-Aug-15
2783,14-Aug-15
2784,15-Aug-15
2785,16-Aug-15
2786,17-Aug-15
2787,18-Aug-15
2788,19-Aug-15
2789,20-Aug-15
2790,21-Aug-15
2791,22-Aug-15
2792,23-Aug-15
2793,24-Aug-15
2794,25-Aug-15
2795,26-Aug-15
2796,27-Aug-15
2797,28-Aug-15
2798,29-Aug-15
2799,30-Aug-15
2800,31-Aug-15
2801,1-Sep-15
2802,2-Sep-15
2803,3-Sep-15
2804,4-Sep-15
2805,5-Sep-15
2806,6-Sep-15
2807,7-Sep-15
2808,8-Sep-15
2809,9-Sep-15
2810,10-Sep-15
2811,11-Sep-15
2812,12-Sep-15
2813,13-Sep-15
2814,14-Sep-15
2815,15-Sep-15
2816,16-Sep-15
2817,17-Sep-15
2818,18-Sep-15
2819,19-Sep-15
2820,20-Sep-15
2821,21-Sep-15
2822,22-Sep-15
2823,23-Sep-15
2824,24-Sep-15
2825,25-Sep-15
2826,26-Sep-15
2827,27-Sep-15
2828,28-Sep-15
2829,29-Sep-15
2830,30-Sep-15
2831,1-Oct-15
2832,2-Oct-15
2833,3-Oct-15
2834,4-Oct-15
2835,5-Oct-15
2836,6-Oct-15
2837,7-Oct-15
2838,8-Oct-15
2839,9-Oct-15
2840,10-Oct-15
2841,11-Oct-15
2842,12-Oct-15
2843,13-Oct-15
2844,14-Oct-15
2845,15-Oct-15
2846,16-Oct-15
2847,17-Oct-15
2848,18-Oct-15
2849,19-Oct-15
2850,20-Oct-15
2851,21-Oct-15
2852,22-Oct-15
2853,23-Oct-15
2854,24-Oct-15
2855,25-Oct-15
2856,26-Oct-15
2857,27-Oct-15
2858,28-Oct-15
2859,29-Oct-15
2860,30-Oct-15
2861,31-Oct-15
2862,1-Nov-15
2863,2-Nov-15
2864,3-Nov-15
2865,4-Nov-15
2866,5-Nov-15
2867,6-Nov-15
2868,7-Nov-15
2869,8-Nov-15
2870,9-Nov-15
2871,10-Nov-15
2872,11-Nov-15
2873,12-Nov-15
2874,13-Nov-15
2875,14-Nov-15
2876,15-Nov-15
2877,16-Nov-15
2878,17-Nov-15
2879,18-Nov-15
2880,19-Nov-15
2881,20-Nov-15
2882,21-Nov-15
2883,22-Nov-15
2884,23-Nov-15
2885,24-Nov-15
2886,25-Nov-15
2887,26-Nov-15
2888,27-Nov-15
2889,28-Nov-15
2890,29-Nov-15
2891,30-Nov-15
2892,1-Dec-15
2893,2-Dec-15
2894,3-Dec-15
2895,4-Dec-15
2896,5-Dec-15
2897,6-Dec-15
2898,7-Dec-15
2899,8-Dec-15
2900,9-Dec-15
2901,10-Dec-15
2902,11-Dec-15
2903,12-Dec-15
2904,13-Dec-15
2905,14-Dec-15
2906,15-Dec-15
2907,16-Dec-15
2908,17-Dec-15
2909,18-Dec-15
2910,19-Dec-15
2911,20-Dec-15
2912,21-Dec-15
2913,22-Dec-15
2914,23-Dec-15
2915,24-Dec-15
2916,25-Dec-15
2917,26-Dec-15
2918,27-Dec-15
2919,28-Dec-15
2920,29-Dec-15
2921,30-Dec-15
2922,31-Dec-15
2923,1-Jan-16
2924,2-Jan-16
2925,3-Jan-16
2926,4-Jan-16
2927,5-Jan-16
2928,6-Jan-16
2929,7-Jan-16
2930,8-Jan-16
2931,9-Jan-16
2932,10-Jan-16
2933,11-Jan-16
2934,12-Jan-16
2935,13-Jan-16
2936,14-Jan-16
2937,15-Jan-16
2938,16-Jan-16
2939,17-Jan-16
2940,18-Jan-16
2941,19-Jan-16
2942,20-Jan-16
2943,21-Jan-16
2944,22-Jan-16
2945,23-Jan-16
2946,24-Jan-16
2947,25-Jan-16
2948,26-Jan-16
2949,27-Jan-16
2950,28-Jan-16
2951,29-Jan-16
2952,30-Jan-16
2953,31-Jan-16
2954,1-Feb-16
2955,2-Feb-16
2956,3-Feb-16
2957,4-Feb-16
2958,5-Feb-16
2959,6-Feb-16
2960,7-Feb-16
2961,8-Feb-16
2962,9-Feb-16
2963,10-Feb-16
2964,11-Feb-16
2965,12-Feb-16
2966,13-Feb-16
2967,14-Feb-16
2968,15-Feb-16
2969,16-Feb-16
2970,17-Feb-16
2971,18-Feb-16
2972,19-Feb-16
2973,20-Feb-16
2974,21-Feb-16
2975,22-Feb-16
2976,23-Feb-16
2977,24-Feb-16
2978,25-Feb-16
2979,26-Feb-16
2980,27-Feb-16
2981,28-Feb-16
2982,29-Feb-16
2983,1-Mar-16
2984,2-Mar-16
2985,3-Mar-16
2986,4-Mar-16
2987,5-Mar-16
2988,6-Mar-16
2989,7-Mar-16
2990,8-Mar-16
2991,9-Mar-16
2992,10-Mar-16
2993,11-Mar-16
2994,12-Mar-16
2995,13-Mar-16
2996,14-Mar-16
2997,15-Mar-16
2998,16-Mar-16
2999,17-Mar-16
3000,18-Mar-16
3001,19-Mar-16
3002,20-Mar-16
3003,21-Mar-16
3004,22-Mar-16
3005,23-Mar-16
3006,24-Mar-16
3007,25-Mar-16
3008,26-Mar-16
3009,27-Mar-16
3010,28-Mar-16
3011,29-Mar-16
3012,30-Mar-16
3013,31-Mar-16
3014,1-Apr-16
3015,2-Apr-16
3016,3-Apr-16
3017,4-Apr-16
3018,5-Apr-16
3019,6-Apr-16
3020,7-Apr-16
3021,8-Apr-16
3022,9-Apr-16
3023,10-Apr-16
3024,11-Apr-16
3025,12-Apr-16
3026,13-Apr-16
3027,14-Apr-16
3028,15-Apr-16
3029,16-Apr-16
3030,17-Apr-16
3031,18-Apr-16
3032,19-Apr-16
3033,20-Apr-16
3034,21-Apr-16
3035,22-Apr-16
3036,23-Apr-16
3037,24-Apr-16
3038,25-Apr-16
3039,26-Apr-16
3040,27-Apr-16
3041,28-Apr-16
3042,29-Apr-16
3043,30-Apr-16
3044,1-May-16
3045,2-May-16
3046,3-May-16
3047,4-May-16
3048,5-May-16
3049,6-May-16
3050,7-May-16
3051,8-May-16
3052,9-May-16
3053,10-May-16
3054,11-May-16
3055,12-May-16
3056,13-May-16
3057,14-May-16
3058,15-May-16
3059,16-May-16
3060,17-May-16
3061,18-May-16
3062,19-May-16
3063,20-May-16
3064,21-May-16
3065,22-May-16
3066,23-May-16
3067,24-May-16
3068,25-May-16
3069,26-May-16
3070,27-May-16
3071,28-May-16
3072,29-May-16
3073,30-May-16
3074,31-May-16
3075,1-Jun-16
3076,2-Jun-16
3077,3-Jun-16
3078,4-Jun-16
3079,5-Jun-16
3080,6-Jun-16
3081,7-Jun-16
3082,8-Jun-16
3083,9-Jun-16
3084,10-Jun-16
3085,11-Jun-16
3086,12-Jun-16
3087,13-Jun-16
3088,14-Jun-16
3089,15-Jun-16
3090,16-Jun-16
3091,17-Jun-16
3092,18-Jun-16
3093,19-Jun-16
3094,20-Jun-16
3095,21-Jun-16
3096,22-Jun-16
3097,23-Jun-16
3098,24-Jun-16
3099,25-Jun-16
3100,26-Jun-16
3101,27-Jun-16
3102,28-Jun-16
3103,29-Jun-16
3104,30-Jun-16
3105,1-Jul-16
3106,2-Jul-16
3107,3-Jul-16
3108,4-Jul-16
3109,5-Jul-16
3110,6-Jul-16
3111,7-Jul-16
3112,8-Jul-16
3113,9-Jul-16
3114,10-Jul-16
3115,11-Jul-16
3116,12-Jul-16
3117,13-Jul-16
3118,14-Jul-16
3119,15-Jul-16
3120,16-Jul-16
3121,17-Jul-16
3122,18-Jul-16
3123,19-Jul-16
3124,20-Jul-16
3125,21-Jul-16
3126,22-Jul-16
3127,23-Jul-16
3128,24-Jul-16
3129,25-Jul-16
3130,26-Jul-16
3131,27-Jul-16
3132,28-Jul-16
3133,29-Jul-16
3134,30-Jul-16
3135,31-Jul-16
3136,1-Aug-16
3137,2-Aug-16
3138,3-Aug-16
3139,4-Aug-16
3140,5-Aug-16
3141,6-Aug-16
3142,7-Aug-16
3143,8-Aug-16
3144,9-Aug-16
3145,10-Aug-16
3146,11-Aug-16
3147,12-Aug-16
3148,13-Aug-16
3149,14-Aug-16
3150,15-Aug-16
3151,16-Aug-16
3152,17-Aug-16
3153,18-Aug-16
3154,19-Aug-16
3155,20-Aug-16
3156,21-Aug-16
3157,22-Aug-16
3158,23-Aug-16
3159,24-Aug-16
3160,25-Aug-16
3161,26-Aug-16
3162,27-Aug-16
3163,28-Aug-16
3164,29-Aug-16
3165,30-Aug-16
3166,31-Aug-16
3167,1-Sep-16
3168,2-Sep-16
3169,3-Sep-16
3170,4-Sep-16
3171,5-Sep-16
3172,6-Sep-16
3173,7-Sep-16
3174,8-Sep-16
3175,9-Sep-16
3176,10-Sep-16
3177,11-Sep-16
3178,12-Sep-16
3179,13-Sep-16
3180,14-Sep-16
3181,15-Sep-16
3182,16-Sep-16
3183,17-Sep-16
3184,18-Sep-16
3185,19-Sep-16
3186,20-Sep-16
3187,21-Sep-16
3188,22-Sep-16
3189,23-Sep-16
3190,24-Sep-16
3191,25-Sep-16
3192,26-Sep-16
3193,27-Sep-16
3194,28-Sep-16
3195,29-Sep-16
3196,30-Sep-16
3197,1-Oct-16
3198,2-Oct-16
3199,3-Oct-16
3200,4-Oct-16
3201,5-Oct-16
3202,6-Oct-16
3203,7-Oct-16
3204,8-Oct-16
3205,9-Oct-16
3206,10-Oct-16
3207,11-Oct-16
3208,12-Oct-16
3209,13-Oct-16
3210,14-Oct-16
3211,15-Oct-16
3212,16-Oct-16
3213,17-Oct-16
3214,18-Oct-16
3215,19-Oct-16
3216,20-Oct-16
3217,21-Oct-16
3218,22-Oct-16
3219,23-Oct-16
3220,24-Oct-16
3221,25-Oct-16
3222,26-Oct-16
3223,27-Oct-16
3224,28-Oct-16
3225,29-Oct-16
3226,30-Oct-16
3227,31-Oct-16
3228,1-Nov-16
3229,2-Nov-16
3230,3-Nov-16
3231,4-Nov-16
3232,5-Nov-16
3233,6-Nov-16
3234,7-Nov-16
3235,8-Nov-16
3236,9-Nov-16
3237,10-Nov-16
3238,11-Nov-16
3239,12-Nov-16
3240,13-Nov-16
3241,14-Nov-16
3242,15-Nov-16
3243,16-Nov-16
3244,17-Nov-16
3245,18-Nov-16
3246,19-Nov-16
3247,20-Nov-16
3248,21-Nov-16
3249,22-Nov-16
3250,23-Nov-16
3251,24-Nov-16
3252,25-Nov-16
3253,26-Nov-16
3254,27-Nov-16
3255,28-Nov-16
3256,29-Nov-16
3257,30-Nov-16
3258,1-Dec-16
3259,2-Dec-16
3260,3-Dec-16
3261,4-Dec-16
3262,5-Dec-16
3263,6-Dec-16
3264,7-Dec-16
3265,8-Dec-16
3266,9-Dec-16
3267,10-Dec-16
3268,11-Dec-16
3269,12-Dec-16
3270,13-Dec-16
3271,14-Dec-16
3272,15-Dec-16
3273,16-Dec-16
3274,17-Dec-16
3275,18-Dec-16
3276,19-Dec-16
3277,20-Dec-16
3278,21-Dec-16
3279,22-Dec-16
3280,23-Dec-16
3281,24-Dec-16
3282,25-Dec-16
3283,26-Dec-16
3284,27-Dec-16
3285,28-Dec-16
3286,29-Dec-16
3287,30-Dec-16
3288,31-Dec-16
3289,1-Jan-17
3290,2-Jan-17
3291,3-Jan-17
3292,4-Jan-17
3293,5-Jan-17
3294,6-Jan-17
3295,7-Jan-17
3296,8-Jan-17
3297,9-Jan-17
3298,10-Jan-17
3299,11-Jan-17
3300,12-Jan-17
3301,13-Jan-17
3302,14-Jan-17
3303,15-Jan-17
3304,16-Jan-17
3305,17-Jan-17
3306,18-Jan-17
3307,19-Jan-17
3308,20-Jan-17
3309,21-Jan-17
3310,22-Jan-17
3311,23-Jan-17
3312,24-Jan-17
3313,25-Jan-17
3314,26-Jan-17
3315,27-Jan-17
3316,28-Jan-17
3317,29-Jan-17
3318,30-Jan-17
3319,31-Jan-17
3320,1-Feb-17
3321,2-Feb-17
3322,3-Feb-17
3323,4-Feb-17
3324,5-Feb-17
3325,6-Feb-17
3326,7-Feb-17
3327,8-Feb-17
3328,9-Feb-17
3329,10-Feb-17
3330,11-Feb-17
3331,12-Feb-17
3332,13-Feb-17
3333,14-Feb-17
3334,15-Feb-17
3335,16-Feb-17
3336,17-Feb-17
3337,18-Feb-17
3338,19-Feb-17
3339,20-Feb-17
3340,21-Feb-17
3341,22-Feb-17
3342,23-Feb-17
3343,24-Feb-17
3344,25-Feb-17
3345,26-Feb-17
3346,27-Feb-17
3347,28-Feb-17
3348,1-Mar-17
3349,2-Mar-17
3350,3-Mar-17
3351,4-Mar-17
3352,5-Mar-17
3353,6-Mar-17
3354,7-Mar-17
3355,8-Mar-17
3356,9-Mar-17
3357,10-Mar-17
3358,11-Mar-17
3359,12-Mar-17
3360,13-Mar-17
3361,14-Mar-17
3362,15-Mar-17
3363,16-Mar-17
3364,17-Mar-17
3365,18-Mar-17
3366,19-Mar-17
3367,20-Mar-17
3368,21-Mar-17
3369,22-Mar-17
3370,23-Mar-17
3371,24-Mar-17
3372,25-Mar-17
3373,26-Mar-17
3374,27-Mar-17
3375,28-Mar-17
3376,29-Mar-17
3377,30-Mar-17
3378,31-Mar-17
3379,1-Apr-17
3380,2-Apr-17
3381,3-Apr-17
3382,4-Apr-17
3383,5-Apr-17
3384,6-Apr-17
3385,7-Apr-17
3386,8-Apr-17
3387,9-Apr-17
3388,10-Apr-17
3389,11-Apr-17
3390,12-Apr-17
3391,13-Apr-17
3392,14-Apr-17
3393,15-Apr-17
3394,16-Apr-17
3395,17-Apr-17
3396,18-Apr-17
3397,19-Apr-17
3398,20-Apr-17
3399,21-Apr-17
3400,22-Apr-17
3401,23-Apr-17
3402,24-Apr-17
3403,25-Apr-17
3404,26-Apr-17
3405,27-Apr-17
3406,28-Apr-17
3407,29-Apr-17
3408,30-Apr-17
3409,1-May-17
3410,2-May-17
3411,3-May-17
3412,4-May-17
3413,5-May-17
3414,6-May-17
3415,7-May-17
3416,8-May-17
3417,9-May-17
3418,10-May-17
3419,11-May-17
3420,12-May-17
3421,13-May-17
3422,14-May-17
3423,15-May-17
3424,16-May-17
3425,17-May-17
3426,18-May-17
3427,19-May-17
3428,20-May-17
3429,21-May-17
3430,22-May-17
3431,23-May-17
3432,24-May-17
3433,25-May-17
3434,26-May-17
3435,27-May-17
3436,28-May-17
3437,29-May-17
3438,30-May-17
3439,31-May-17
3440,1-Jun-17
3441,2-Jun-17
3442,3-Jun-17
3443,4-Jun-17
3444,5-Jun-17
3445,6-Jun-17
3446,7-Jun-17
3447,8-Jun-17
3448,9-Jun-17
3449,10-Jun-17
3450,11-Jun-17
3451,12-Jun-17
3452,13-Jun-17
3453,14-Jun-17
3454,15-Jun-17
3455,16-Jun-17
3456,17-Jun-17
3457,18-Jun-17
3458,19-Jun-17
3459,20-Jun-17
3460,21-Jun-17
3461,22-Jun-17
3462,23-Jun-17
3463,24-Jun-17
3464,25-Jun-17
3465,26-Jun-17
3466,27-Jun-17
3467,28-Jun-17
3468,29-Jun-17
3469,30-Jun-17
3470,1-Jul-17
3471,2-Jul-17
3472,3-Jul-17
3473,4-Jul-17
3474,5-Jul-17
3475,6-Jul-17
3476,7-Jul-17
3477,8-Jul-17
3478,9-Jul-17
3479,10-Jul-17
3480,11-Jul-17
3481,12-Jul-17
3482,13-Jul-17
3483,14-Jul-17
3484,15-Jul-17
3485,16-Jul-17
3486,17-Jul-17
3487,18-Jul-17
3488,19-Jul-17
3489,20-Jul-17
3490,21-Jul-17
3491,22-Jul-17
3492,23-Jul-17
3493,24-Jul-17
3494,25-Jul-17
3495,26-Jul-17
3496,27-Jul-17
3497,28-Jul-17
3498,29-Jul-17
3499,30-Jul-17
3500,31-Jul-17
3501,1-Aug-17
3502,2-Aug-17
3503,3-Aug-17
3504,4-Aug-17
3505,5-Aug-17
3506,6-Aug-17
3507,7-Aug-17
3508,8-Aug-17
3509,9-Aug-17
3510,10-Aug-17
3511,11-Aug-17
3512,12-Aug-17
3513,13-Aug-17
3514,14-Aug-17
3515,15-Aug-17
3516,16-Aug-17
3517,17-Aug-17
3518,18-Aug-17
3519,19-Aug-17
3520,20-Aug-17
3521,21-Aug-17
3522,22-Aug-17
3523,23-Aug-17
3524,24-Aug-17
3525,25-Aug-17
3526,26-Aug-17
3527,27-Aug-17
3528,28-Aug-17
3529,29-Aug-17
3530,30-Aug-17
3531,31-Aug-17
3532,1-Sep-17
3533,2-Sep-17
3534,3-Sep-17
3535,4-Sep-17
3536,5-Sep-17
3537,6-Sep-17
3538,7-Sep-17
3539,8-Sep-17
3540,9-Sep-17
3541,10-Sep-17
3542,11-Sep-17
3543,12-Sep-17
3544,13-Sep-17
3545,14-Sep-17
3546,15-Sep-17
3547,16-Sep-17
3548,17-Sep-17
3549,18-Sep-17
3550,19-Sep-17
3551,20-Sep-17
3552,21-Sep-17
3553,22-Sep-17
3554,23-Sep-17
3555,24-Sep-17
3556,25-Sep-17
3557,26-Sep-17
3558,27-Sep-17
3559,28-Sep-17
3560,29-Sep-17
3561,30-Sep-17
3562,1-Oct-17
3563,2-Oct-17
3564,3-Oct-17
3565,4-Oct-17
3566,5-Oct-17
3567,6-Oct-17
3568,7-Oct-17
3569,8-Oct-17
3570,9-Oct-17
3571,10-Oct-17
3572,11-Oct-17
3573,12-Oct-17
3574,13-Oct-17
3575,14-Oct-17
3576,15-Oct-17
3577,16-Oct-17
3578,17-Oct-17
3579,18-Oct-17
3580,19-Oct-17
3581,20-Oct-17
3582,21-Oct-17
3583,22-Oct-17
3584,23-Oct-17
3585,24-Oct-17
3586,25-Oct-17
3587,26-Oct-17
3588,27-Oct-17
3589,28-Oct-17
3590,29-Oct-17
3591,30-Oct-17
3592,31-Oct-17
3593,1-Nov-17
3594,2-Nov-17
3595,3-Nov-17
3596,4-Nov-17
3597,5-Nov-17
3598,6-Nov-17
3599,7-Nov-17
3600,8-Nov-17
3601,9-Nov-17
3602,10-Nov-17
3603,11-Nov-17
3604,12-Nov-17
3605,13-Nov-17
3606,14-Nov-17
3607,15-Nov-17
3608,16-Nov-17
3609,17-Nov-17
3610,18-Nov-17
3611,19-Nov-17
3612,20-Nov-17
3613,21-Nov-17
3614,22-Nov-17
3615,23-Nov-17
3616,24-Nov-17
3617,25-Nov-17
3618,26-Nov-17
3619,27-Nov-17
3620,28-Nov-17
3621,29-Nov-17
3622,30-Nov-17
3623,1-Dec-17
3624,2-Dec-17
3625,3-Dec-17
3626,4-Dec-17
3627,5-Dec-17
3628,6-Dec-17
3629,7-Dec-17
3630,8-Dec-17
3631,9-Dec-17
3632,10-Dec-17
3633,11-Dec-17
3634,12-Dec-17
3635,13-Dec-17
3636,14-Dec-17
3637,15-Dec-17
3638,16-Dec-17
3639,17-Dec-17
3640,18-Dec-17
3641,19-Dec-17
3642,20-Dec-17
3643,21-Dec-17
3644,22-Dec-17
3645,23-Dec-17
3646,24-Dec-17
3647,25-Dec-17
3648,26-Dec-17
3649,27-Dec-17
3650,28-Dec-17
3651,29-Dec-17
3652,30-Dec-17
3653,31-Dec-17
3654,1-Jan-18
3655,2-Jan-18
3656,3-Jan-18
3657,4-Jan-18
3658,5-Jan-18
3659,6-Jan-18
3660,7-Jan-18
3661,8-Jan-18
3662,9-Jan-18
3663,10-Jan-18
3664,11-Jan-18
3665,12-Jan-18
3666,13-Jan-18
3667,14-Jan-18
3668,15-Jan-18
3669,16-Jan-18
3670,17-Jan-18
3671,18-Jan-18
3672,19-Jan-18
3673,20-Jan-18
3674,21-Jan-18
3675,22-Jan-18
3676,23-Jan-18
3677,24-Jan-18
3678,25-Jan-18
3679,26-Jan-18
3680,27-Jan-18
3681,28-Jan-18
3682,29-Jan-18
3683,30-Jan-18
3684,31-Jan-18
3685,1-Feb-18
3686,2-Feb-18
3687,3-Feb-18
3688,4-Feb-18
3689,5-Feb-18
3690,6-Feb-18
3691,7-Feb-18
3692,8-Feb-18
3693,9-Feb-18
3694,10-Feb-18
3695,11-Feb-18
3696,12-Feb-18
3697,13-Feb-18
3698,14-Feb-18
3699,15-Feb-18
3700,16-Feb-18
3701,17-Feb-18
3702,18-Feb-18
3703,19-Feb-18
3704,20-Feb-18
3705,21-Feb-18
3706,22-Feb-18
3707,23-Feb-18
3708,24-Feb-18
3709,25-Feb-18
3710,26-Feb-18
3711,27-Feb-18
3712,28-Feb-18
3713,1-Mar-18
3714,2-Mar-18
3715,3-Mar-18
3716,4-Mar-18
3717,5-Mar-18
3718,6-Mar-18
3719,7-Mar-18
3720,8-Mar-18
3721,9-Mar-18
3722,10-Mar-18
3723,11-Mar-18
3724,12-Mar-18
3725,13-Mar-18
3726,14-Mar-18
3727,15-Mar-18
3728,16-Mar-18
3729,17-Mar-18
3730,18-Mar-18
3731,19-Mar-18
3732,20-Mar-18
3733,21-Mar-18
3734,22-Mar-18
3735,23-Mar-18
3736,24-Mar-18
3737,25-Mar-18
3738,26-Mar-18
3739,27-Mar-18
3740,28-Mar-18
3741,29-Mar-18
3742,30-Mar-18
3743,31-Mar-18
3744,1-Apr-18
3745,2-Apr-18
3746,3-Apr-18
3747,4-Apr-18
3748,5-Apr-18
3749,6-Apr-18
3750,7-Apr-18
3751,8-Apr-18
3752,9-Apr-18
3753,10-Apr-18
3754,11-Apr-18
3755,12-Apr-18
3756,13-Apr-18
3757,14-Apr-18
3758,15-Apr-18
3759,16-Apr-18
3760,17-Apr-18
3761,18-Apr-18
3762,19-Apr-18
3763,20-Apr-18
3764,21-Apr-18
3765,22-Apr-18
3766,23-Apr-18
3767,24-Apr-18
3768,25-Apr-18
3769,26-Apr-18
3770,27-Apr-18
3771,28-Apr-18
3772,29-Apr-18
3773,30-Apr-18
3774,1-May-18
3775,2-May-18
3776,3-May-18
3777,4-May-18
3778,5-May-18
3779,6-May-18
3780,7-May-18
3781,8-May-18
3782,9-May-18
3783,10-May-18
3784,11-May-18
3785,12-May-18
3786,13-May-18
3787,14-May-18
3788,15-May-18
3789,16-May-18
3790,17-May-18
3791,18-May-18
3792,19-May-18
3793,20-May-18
3794,21-May-18
3795,22-May-18
3796,23-May-18
3797,24-May-18
3798,25-May-18
3799,26-May-18
3800,27-May-18
3801,28-May-18
3802,29-May-18
3803,30-May-18
3804,31-May-18
3805,1-Jun-18
3806,2-Jun-18
3807,3-Jun-18
3808,4-Jun-18
3809,5-Jun-18
3810,6-Jun-18
3811,7-Jun-18
3812,8-Jun-18
3813,9-Jun-18
3814,10-Jun-18
3815,11-Jun-18
3816,12-Jun-18
3817,13-Jun-18
3818,14-Jun-18
3819,15-Jun-18
3820,16-Jun-18
3821,17-Jun-18
3822,18-Jun-18
3823,19-Jun-18
3824,20-Jun-18
3825,21-Jun-18
3826,22-Jun-18
3827,23-Jun-18
3828,24-Jun-18
3829,25-Jun-18
3830,26-Jun-18
3831,27-Jun-18
3832,28-Jun-18
3833,29-Jun-18
3834,30-Jun-18
3835,1-Jul-18
3836,2-Jul-18
3837,3-Jul-18
3838,4-Jul-18
3839,5-Jul-18
3840,6-Jul-18
3841,7-Jul-18
3842,8-Jul-18
3843,9-Jul-18
3844,10-Jul-18
3845,11-Jul-18
3846,12-Jul-18
3847,13-Jul-18
3848,14-Jul-18
3849,15-Jul-18
3850,16-Jul-18
3851,17-Jul-18
3852,18-Jul-18
3853,19-Jul-18
3854,20-Jul-18
3855,21-Jul-18
3856,22-Jul-18
3857,23-Jul-18
3858,24-Jul-18
3859,25-Jul-18
3860,26-Jul-18
3861,27-Jul-18
3862,28-Jul-18
3863,29-Jul-18
3864,30-Jul-18
3865,31-Jul-18
3866,1-Aug-18
3867,2-Aug-18
3868,3-Aug-18
3869,4-Aug-18
3870,5-Aug-18
3871,6-Aug-18
3872,7-Aug-18
3873,8-Aug-18
3874,9-Aug-18
3875,10-Aug-18
3876,11-Aug-18
3877,12-Aug-18
3878,13-Aug-18
3879,14-Aug-18
3880,15-Aug-18
3881,16-Aug-18
3882,17-Aug-18
3883,18-Aug-18
3884,19-Aug-18
3885,20-Aug-18
3886,21-Aug-18
3887,22-Aug-18
3888,23-Aug-18
3889,24-Aug-18
3890,25-Aug-18
3891,26-Aug-18
3892,27-Aug-18
3893,28-Aug-18
3894,29-Aug-18
3895,30-Aug-18
3896,31-Aug-18
3897,1-Sep-18
3898,2-Sep-18
3899,3-Sep-18
3900,4-Sep-18
3901,5-Sep-18
3902,6-Sep-18
3903,7-Sep-18
3904,8-Sep-18
3905,9-Sep-18
3906,10-Sep-18
3907,11-Sep-18
3908,12-Sep-18
3909,13-Sep-18
3910,14-Sep-18
3911,15-Sep-18
3912,16-Sep-18
3913,17-Sep-18
3914,18-Sep-18
3915,19-Sep-18
3916,20-Sep-18
3917,21-Sep-18
3918,22-Sep-18
3919,23-Sep-18
3920,24-Sep-18
3921,25-Sep-18
3922,26-Sep-18
3923,27-Sep-18
3924,28-Sep-18
3925,29-Sep-18
3926,30-Sep-18
3927,1-Oct-18
3928,2-Oct-18
3929,3-Oct-18
3930,4-Oct-18
3931,5-Oct-18
3932,6-Oct-18
3933,7-Oct-18
3934,8-Oct-18
3935,9-Oct-18
3936,10-Oct-18
3937,11-Oct-18
3938,12-Oct-18
3939,13-Oct-18
3940,14-Oct-18
3941,15-Oct-18
3942,16-Oct-18
3943,17-Oct-18
3944,18-Oct-18
3945,19-Oct-18
3946,20-Oct-18
3947,21-Oct-18
3948,22-Oct-18
3949,23-Oct-18
3950,24-Oct-18
3951,25-Oct-18
3952,26-Oct-18
3953,27-Oct-18
3954,28-Oct-18
3955,29-Oct-18
3956,30-Oct-18
3957,31-Oct-18
3958,1-Nov-18
3959,2-Nov-18
3960,3-Nov-18
3961,4-Nov-18
3962,5-Nov-18
3963,6-Nov-18
3964,7-Nov-18
3965,8-Nov-18
3966,9-Nov-18
3967,10-Nov-18
3968,11-Nov-18
3969,12-Nov-18
3970,13-Nov-18
3971,14-Nov-18
3972,15-Nov-18
3973,16-Nov-18
3974,17-Nov-18
3975,18-Nov-18
3976,19-Nov-18
3977,20-Nov-18
3978,21-Nov-18
3979,22-Nov-18
3980,23-Nov-18
3981,24-Nov-18
3982,25-Nov-18
3983,26-Nov-18
3984,27-Nov-18
3985,28-Nov-18
3986,29-Nov-18
3987,30-Nov-18
3988,1-Dec-18
3989,2-Dec-18
3990,3-Dec-18
3991,4-Dec-18
3992,5-Dec-18
3993,6-Dec-18
3994,7-Dec-18
3995,8-Dec-18
3996,9-Dec-18
3997,10-Dec-18
3998,11-Dec-18
3999,12-Dec-18
4000,13-Dec-18
4001,14-Dec-18
4002,15-Dec-18
4003,16-Dec-18
4004,17-Dec-18
4005,18-Dec-18
4006,19-Dec-18
4007,20-Dec-18
4008,21-Dec-18
4009,22-Dec-18
4010,23-Dec-18
4011,24-Dec-18
4012,25-Dec-18
4013,26-Dec-18
4014,27-Dec-18
4015,28-Dec-18
4016,29-Dec-18
4017,30-Dec-18
4018,31-Dec-18
4019,1-Jan-19
4020,2-Jan-19
4021,3-Jan-19
4022,4-Jan-19
4023,5-Jan-19
4024,6-Jan-19
4025,7-Jan-19
4026,8-Jan-19
4027,9-Jan-19
4028,10-Jan-19
4029,11-Jan-19
4030,12-Jan-19
4031,13-Jan-19
4032,14-Jan-19
4033,15-Jan-19
4034,16-Jan-19
4035,17-Jan-19
4036,18-Jan-19
4037,19-Jan-19
4038,20-Jan-19
4039,21-Jan-19
4040,22-Jan-19
4041,23-Jan-19
4042,24-Jan-19
4043,25-Jan-19
4044,26-Jan-19
4045,27-Jan-19
4046,28-Jan-19
4047,29-Jan-19
4048,30-Jan-19
4049,31-Jan-19
4050,1-Feb-19
4051,2-Feb-19
4052,3-Feb-19
4053,4-Feb-19
4054,5-Feb-19
4055,6-Feb-19
4056,7-Feb-19
4057,8-Feb-19
4058,9-Feb-19
4059,10-Feb-19
4060,11-Feb-19
4061,12-Feb-19
4062,13-Feb-19
4063,14-Feb-19
4064,15-Feb-19
4065,16-Feb-19
4066,17-Feb-19
4067,18-Feb-19
4068,19-Feb-19
4069,20-Feb-19
4070,21-Feb-19
4071,22-Feb-19
4072,23-Feb-19
4073,24-Feb-19
4074,25-Feb-19
4075,26-Feb-19
4076,27-Feb-19
4077,28-Feb-19
4078,1-Mar-19
4079,2-Mar-19
4080,3-Mar-19
4081,4-Mar-19
4082,5-Mar-19
4083,6-Mar-19
4084,7-Mar-19
4085,8-Mar-19
4086,9-Mar-19
4087,10-Mar-19
4088,11-Mar-19
4089,12-Mar-19
4090,13-Mar-19
4091,14-Mar-19
4092,15-Mar-19
4093,16-Mar-19
4094,17-Mar-19
4095,18-Mar-19
4096,19-Mar-19
4097,20-Mar-19
4098,21-Mar-19
4099,22-Mar-19
4100,23-Mar-19
4101,24-Mar-19
4102,25-Mar-19
4103,26-Mar-19
4104,27-Mar-19
4105,28-Mar-19
4106,29-Mar-19
4107,30-Mar-19
4108,31-Mar-19
4109,1-Apr-19
4110,2-Apr-19
4111,3-Apr-19
4112,4-Apr-19
4113,5-Apr-19
4114,6-Apr-19
4115,7-Apr-19
4116,8-Apr-19
4117,9-Apr-19
4118,10-Apr-19
4119,11-Apr-19
4120,12-Apr-19
4121,13-Apr-19
4122,14-Apr-19
4123,15-Apr-19
4124,16-Apr-19
4125,17-Apr-19
4126,18-Apr-19
4127,19-Apr-19
4128,20-Apr-19
4129,21-Apr-19
4130,22-Apr-19
4131,23-Apr-19
4132,24-Apr-19
4133,25-Apr-19
4134,26-Apr-19
4135,27-Apr-19
4136,28-Apr-19
4137,29-Apr-19
4138,30-Apr-19
4139,1-May-19
4140,2-May-19
4141,3-May-19
4142,4-May-19
4143,5-May-19
4144,6-May-19
4145,7-May-19
4146,8-May-19
4147,9-May-19
4148,10-May-19
4149,11-May-19
4150,12-May-19
4151,13-May-19
4152,14-May-19
4153,15-May-19
4154,16-May-19
4155,17-May-19
4156,18-May-19
4157,19-May-19
4158,20-May-19
4159,21-May-19
4160,22-May-19
4161,23-May-19
4162,24-May-19
4163,25-May-19
4164,26-May-19
4165,27-May-19
4166,28-May-19
4167,29-May-19
4168,30-May-19
4169,31-May-19
4170,1-Jun-19
4171,2-Jun-19
4172,3-Jun-19
4173,4-Jun-19
4174,5-Jun-19
4175,6-Jun-19
4176,7-Jun-19
4177,8-Jun-19
4178,9-Jun-19
4179,10-Jun-19
4180,11-Jun-19
4181,12-Jun-19
4182,13-Jun-19
4183,14-Jun-19
4184,15-Jun-19
4185,16-Jun-19
4186,17-Jun-19
4187,18-Jun-19
4188,19-Jun-19
4189,20-Jun-19
4190,21-Jun-19
4191,22-Jun-19
4192,23-Jun-19
4193,24-Jun-19
4194,25-Jun-19
4195,26-Jun-19
4196,27-Jun-19
4197,28-Jun-19
4198,29-Jun-19
4199,30-Jun-19
4200,1-Jul-19
4201,2-Jul-19
4202,3-Jul-19
4203,4-Jul-19
4204,5-Jul-19
4205,6-Jul-19
4206,7-Jul-19
4207,8-Jul-19
4208,9-Jul-19
4209,10-Jul-19
4210,11-Jul-19
4211,12-Jul-19
4212,13-Jul-19
4213,14-Jul-19
4214,15-Jul-19
4215,16-Jul-19
4216,17-Jul-19
4217,18-Jul-19
4218,19-Jul-19
4219,20-Jul-19
4220,21-Jul-19
4221,22-Jul-19
4222,23-Jul-19
4223,24-Jul-19
4224,25-Jul-19
4225,26-Jul-19
4226,27-Jul-19
4227,28-Jul-19
4228,29-Jul-19
4229,30-Jul-19
4230,31-Jul-19
4231,1-Aug-19
4232,2-Aug-19
4233,3-Aug-19
4234,4-Aug-19
4235,5-Aug-19
4236,6-Aug-19
4237,7-Aug-19
4238,8-Aug-19
4239,9-Aug-19
4240,10-Aug-19
4241,11-Aug-19
4242,12-Aug-19
4243,13-Aug-19
4244,14-Aug-19
4245,15-Aug-19
4246,16-Aug-19
4247,17-Aug-19
4248,18-Aug-19
4249,19-Aug-19
4250,20-Aug-19
4251,21-Aug-19
4252,22-Aug-19
4253,23-Aug-19
4254,24-Aug-19
4255,25-Aug-19
4256,26-Aug-19
4257,27-Aug-19
4258,28-Aug-19
4259,29-Aug-19
4260,30-Aug-19
4261,31-Aug-19
4262,1-Sep-19
4263,2-Sep-19
4264,3-Sep-19
4265,4-Sep-19
4266,5-Sep-19
4267,6-Sep-19
4268,7-Sep-19
4269,8-Sep-19
4270,9-Sep-19
4271,10-Sep-19
4272,11-Sep-19
4273,12-Sep-19
4274,13-Sep-19
4275,14-Sep-19
4276,15-Sep-19
4277,16-Sep-19
4278,17-Sep-19
4279,18-Sep-19
4280,19-Sep-19
4281,20-Sep-19
4282,21-Sep-19
4283,22-Sep-19
4284,23-Sep-19
4285,24-Sep-19
4286,25-Sep-19
4287,26-Sep-19
4288,27-Sep-19
4289,28-Sep-19
4290,29-Sep-19
4291,30-Sep-19
4292,1-Oct-19
4293,2-Oct-19
4294,3-Oct-19
4295,4-Oct-19
4296,5-Oct-19
4297,6-Oct-19
4298,7-Oct-19
4299,8-Oct-19
4300,9-Oct-19
4301,10-Oct-19
4302,11-Oct-19
4303,12-Oct-19
4304,13-Oct-19
4305,14-Oct-19
4306,15-Oct-19
4307,16-Oct-19
4308,17-Oct-19
4309,18-Oct-19
4310,19-Oct-19
4311,20-Oct-19
4312,21-Oct-19
4313,22-Oct-19
4314,23-Oct-19
4315,24-Oct-19
4316,25-Oct-19
4317,26-Oct-19
4318,27-Oct-19
4319,28-Oct-19
4320,29-Oct-19
4321,30-Oct-19
4322,31-Oct-19
4323,1-Nov-19
4324,2-Nov-19
4325,3-Nov-19
4326,4-Nov-19
4327,5-Nov-19
4328,6-Nov-19
4329,7-Nov-19
4330,8-Nov-19
4331,9-Nov-19
4332,10-Nov-19
4333,11-Nov-19
4334,12-Nov-19
4335,13-Nov-19
4336,14-Nov-19
4337,15-Nov-19
4338,16-Nov-19
4339,17-Nov-19
4340,18-Nov-19
4341,19-Nov-19
4342,20-Nov-19
4343,21-Nov-19
4344,22-Nov-19
4345,23-Nov-19
4346,24-Nov-19
4347,25-Nov-19
4348,26-Nov-19
4349,27-Nov-19
4350,28-Nov-19
4351,29-Nov-19
4352,30-Nov-19
4353,1-Dec-19
4354,2-Dec-19
4355,3-Dec-19
4356,4-Dec-19
4357,5-Dec-19
4358,6-Dec-19
4359,7-Dec-19
4360,8-Dec-19
4361,9-Dec-19
4362,10-Dec-19
4363,11-Dec-19
4364,12-Dec-19
4365,13-Dec-19
4366,14-Dec-19
4367,15-Dec-19
4368,16-Dec-19
4369,17-Dec-19
4370,18-Dec-19
4371,19-Dec-19
4372,20-Dec-19
4373,21-Dec-19
4374,22-Dec-19
4375,23-Dec-19
4376,24-Dec-19
4377,25-Dec-19
4378,26-Dec-19
4379,27-Dec-19
4380,28-Dec-19
4381,29-Dec-19
4382,30-Dec-19
4383,31-Dec-19
4384,1-Jan-20
4385,2-Jan-20
4386,3-Jan-20
4387,4-Jan-20
4388,5-Jan-20
4389,6-Jan-20
4390,7-Jan-20
4391,8-Jan-20
4392,9-Jan-20
4393,10-Jan-20
4394,11-Jan-20
4395,12-Jan-20
4396,13-Jan-20
4397,14-Jan-20
4398,15-Jan-20
4399,16-Jan-20
4400,17-Jan-20
4401,18-Jan-20
4402,19-Jan-20
4403,20-Jan-20
4404,21-Jan-20
4405,22-Jan-20
4406,23-Jan-20
4407,24-Jan-20
4408,25-Jan-20
4409,26-Jan-20
4410,27-Jan-20
4411,28-Jan-20
4412,29-Jan-20
4413,30-Jan-20
4414,31-Jan-20
4415,1-Feb-20
4416,2-Feb-20
4417,3-Feb-20
4418,4-Feb-20
4419,5-Feb-20
4420,6-Feb-20
4421,7-Feb-20
4422,8-Feb-20
4423,9-Feb-20
4424,10-Feb-20
4425,11-Feb-20
4426,12-Feb-20
4427,13-Feb-20
4428,14-Feb-20
4429,15-Feb-20
4430,16-Feb-20
4431,17-Feb-20
4432,18-Feb-20
4433,19-Feb-20
4434,20-Feb-20
4435,21-Feb-20
4436,22-Feb-20
4437,23-Feb-20
4438,24-Feb-20
4439,25-Feb-20
4440,26-Feb-20
4441,27-Feb-20
4442,28-Feb-20
4443,29-Feb-20
4444,1-Mar-20
4445,2-Mar-20
4446,3-Mar-20
4447,4-Mar-20
4448,5-Mar-20
4449,6-Mar-20
4450,7-Mar-20
4451,8-Mar-20
4452,9-Mar-20
4453,10-Mar-20
4454,11-Mar-20
4455,12-Mar-20
4456,13-Mar-20
4457,14-Mar-20
4458,15-Mar-20
4459,16-Mar-20
4460,17-Mar-20
4461,18-Mar-20
4462,19-Mar-20
4463,20-Mar-20
4464,21-Mar-20
4465,22-Mar-20
4466,23-Mar-20
4467,24-Mar-20
4468,25-Mar-20
4469,26-Mar-20
4470,27-Mar-20
4471,28-Mar-20
4472,29-Mar-20
4473,30-Mar-20
4474,31-Mar-20
4475,1-Apr-20
4476,2-Apr-20
4477,3-Apr-20
4478,4-Apr-20
4479,5-Apr-20
4480,6-Apr-20
4481,7-Apr-20
4482,8-Apr-20
4483,9-Apr-20
4484,10-Apr-20
4485,11-Apr-20
4486,12-Apr-20
4487,13-Apr-20
4488,14-Apr-20
4489,15-Apr-20
4490,16-Apr-20
4491,17-Apr-20
4492,18-Apr-20
4493,19-Apr-20
4494,20-Apr-20
4495,21-Apr-20
4496,22-Apr-20
4497,23-Apr-20
4498,24-Apr-20
4499,25-Apr-20
4500,26-Apr-20
4501,27-Apr-20
4502,28-Apr-20
4503,29-Apr-20
4504,30-Apr-20
4505,1-May-20
4506,2-May-20
4507,3-May-20
4508,4-May-20
4509,5-May-20
4510,6-May-20
4511,7-May-20
4512,8-May-20
4513,9-May-20
4514,10-May-20
4515,11-May-20
4516,12-May-20
4517,13-May-20
4518,14-May-20
4519,15-May-20
4520,16-May-20
4521,17-May-20
4522,18-May-20
4523,19-May-20
4524,20-May-20
4525,21-May-20
4526,22-May-20
4527,23-May-20
4528,24-May-20
4529,25-May-20
4530,26-May-20
4531,27-May-20
4532,28-May-20
4533,29-May-20
4534,30-May-20
4535,31-May-20
4536,1-Jun-20
4537,2-Jun-20
4538,3-Jun-20
4539,4-Jun-20
4540,5-Jun-20
4541,6-Jun-20
4542,7-Jun-20
4543,8-Jun-20
4544,9-Jun-20
4545,10-Jun-20
4546,11-Jun-20
4547,12-Jun-20
4548,13-Jun-20
4549,14-Jun-20
4550,15-Jun-20
4551,16-Jun-20
4552,17-Jun-20
4553,18-Jun-20
4554,19-Jun-20
4555,20-Jun-20
4556,21-Jun-20
4557,22-Jun-20
4558,23-Jun-20
4559,24-Jun-20
4560,25-Jun-20
4561,26-Jun-20
4562,27-Jun-20
4563,28-Jun-20
4564,29-Jun-20
4565,30-Jun-20
4566,1-Jul-20
4567,2-Jul-20
4568,3-Jul-20
4569,4-Jul-20
4570,5-Jul-20
4571,6-Jul-20
4572,7-Jul-20
4573,8-Jul-20
4574,9-Jul-20
4575,10-Jul-20
4576,11-Jul-20
4577,12-Jul-20
4578,13-Jul-20
4579,14-Jul-20
4580,15-Jul-20
4581,16-Jul-20
4582,17-Jul-20
4583,18-Jul-20
4584,19-Jul-20
4585,20-Jul-20
4586,21-Jul-20
4587,22-Jul-20
4588,23-Jul-20
4589,24-Jul-20
4590,25-Jul-20
4591,26-Jul-20
4592,27-Jul-20
4593,28-Jul-20
4594,29-Jul-20
4595,30-Jul-20
4596,31-Jul-20
4597,1-Aug-20
4598,2-Aug-20
4599,3-Aug-20
4600,4-Aug-20
4601,5-Aug-20
4602,6-Aug-20
4603,7-Aug-20
4604,8-Aug-20
4605,9-Aug-20
4606,10-Aug-20
4607,11-Aug-20
4608,12-Aug-20
4609,13-Aug-20
4610,14-Aug-20
4611,15-Aug-20
4612,16-Aug-20
4613,17-Aug-20
4614,18-Aug-20
4615,19-Aug-20
4616,20-Aug-20
4617,21-Aug-20
4618,22-Aug-20
4619,23-Aug-20
4620,24-Aug-20
4621,25-Aug-20
4622,26-Aug-20
4623,27-Aug-20
4624,28-Aug-20
4625,29-Aug-20
4626,30-Aug-20
4627,31-Aug-20
4628,1-Sep-20
4629,2-Sep-20
4630,3-Sep-20
4631,4-Sep-20
4632,5-Sep-20
4633,6-Sep-20
4634,7-Sep-20
4635,8-Sep-20
4636,9-Sep-20
4637,10-Sep-20
4638,11-Sep-20
4639,12-Sep-20
4640,13-Sep-20
4641,14-Sep-20
4642,15-Sep-20
4643,16-Sep-20
4644,17-Sep-20
4645,18-Sep-20
4646,19-Sep-20
4647,20-Sep-20
4648,21-Sep-20
4649,22-Sep-20
4650,23-Sep-20
4651,24-Sep-20
4652,25-Sep-20
4653,26-Sep-20
4654,27-Sep-20
4655,28-Sep-20
4656,29-Sep-20
4657,30-Sep-20
4658,1-Oct-20
4659,2-Oct-20
4660,3-Oct-20
4661,4-Oct-20
4662,5-Oct-20
4663,6-Oct-20
4664,7-Oct-20
4665,8-Oct-20
4666,9-Oct-20
4667,10-Oct-20
4668,11-Oct-20
4669,12-Oct-20
4670,13-Oct-20
4671,14-Oct-20
4672,15-Oct-20
4673,16-Oct-20
4674,17-Oct-20
4675,18-Oct-20
4676,19-Oct-20
4677,20-Oct-20
4678,21-Oct-20
4679,22-Oct-20
4680,23-Oct-20
4681,24-Oct-20
4682,25-Oct-20
4683,26-Oct-20
4684,27-Oct-20
4685,28-Oct-20
4686,29-Oct-20
4687,30-Oct-20
4688,31-Oct-20
4689,1-Nov-20
4690,2-Nov-20
4691,3-Nov-20
4692,4-Nov-20
4693,5-Nov-20
4694,6-Nov-20
4695,7-Nov-20
4696,8-Nov-20
4697,9-Nov-20
4698,10-Nov-20
4699,11-Nov-20
4700,12-Nov-20
4701,13-Nov-20
4702,14-Nov-20
4703,15-Nov-20
4704,16-Nov-20
4705,17-Nov-20
4706,18-Nov-20
4707,19-Nov-20
4708,20-Nov-20
4709,21-Nov-20
4710,22-Nov-20
4711,23-Nov-20
4712,24-Nov-20
4713,25-Nov-20
4714,26-Nov-20
4715,27-Nov-20
4716,28-Nov-20
4717,29-Nov-20
4718,30-Nov-20
4719,1-Dec-20
4720,2-Dec-20
4721,3-Dec-20
4722,4-Dec-20
4723,5-Dec-20
4724,6-Dec-20
4725,7-Dec-20
4726,8-Dec-20
4727,9-Dec-20
4728,10-Dec-20
4729,11-Dec-20
4730,12-Dec-20
4731,13-Dec-20
4732,14-Dec-20
4733,15-Dec-20
4734,16-Dec-20
4735,17-Dec-20
4736,18-Dec-20
4737,19-Dec-20
4738,20-Dec-20
4739,21-Dec-20
4740,22-Dec-20
4741,23-Dec-20
4742,24-Dec-20
4743,25-Dec-20
4744,26-Dec-20
4745,27-Dec-20
4746,28-Dec-20
4747,29-Dec-20
4748,30-Dec-20
4749,31-Dec-20