show_id,type_id,date_added_id,release_year_id,rating_id,duration
81145628,1,4270,68,1,90
80125979,1,3539,66,2,99
70304989,1,3539,63,3,110
80164077,1,3539,66,4,60
70304990,1,3539,63,3,90
70299204,1,3539,64,3,95
80057969,1,3539,64,5,135
80060297,1,3539,63,2,98
80046728,1,3539,64,3,96
70304988,1,3539,63,6,113
80057700,1,3539,64,3,90
80045922,1,2808,64,5,80
70241607,1,3903,60,4,112
80988892,1,3903,67,1,106
80239639,1,3903,67,6,106
80159586,1,3903,67,4,102
80152447,1,3538,65,3,114
81154455,1,4267,68,4,125
81052275,1,4267,67,2,133
80058026,1,3902,64,3,86
70303496,1,3902,63,2,146
80162141,1,3537,64,4,79
80095641,1,3172,64,1,102
80159880,1,3901,61,2,122
81016044,1,3901,58,2,126
80158838,1,3901,63,2,116
81016045,1,3901,65,1,135
70142798,1,3901,58,4,125
70062814,1,3901,53,4,96
80158839,1,3901,60,4,130
80147760,1,3536,65,2,98
80177405,1,3536,66,4,70
81160036,1,4265,65,2,128
81173255,1,4265,66,4,88
81078908,1,4265,68,7,108
81155784,1,4265,68,2,93
80201906,1,3900,67,6,135
80052612,1,3900,64,3,88
81054495,1,4291,68,4,64
70212504,1,3926,61,7,107
80187061,1,3561,66,4,130
80198585,1,3899,67,4,96
70233894,1,3925,59,5,112
81011955,1,3925,67,4,111
80128722,1,3560,66,4,103
80104068,1,3560,66,2,103
80019931,1,2829,64,8,72
80200087,1,4289,68,3,89
81002850,1,3924,61,2,126
81004470,1,3924,67,4,130
80157072,1,3924,67,4,126
81002864,1,3924,64,1,127
81016750,1,3924,67,4,108
81002866,1,3924,62,2,163
81132443,1,4288,67,1,102
80231903,1,4288,68,4,116
81012295,1,3923,65,2,95
80060037,1,3558,64,4,104
60003155,1,1366,49,1,75
81177238,1,4287,68,2,133
70270775,1,4287,62,6,108
80215923,1,3922,67,6,103
80151483,1,3557,66,4,82
80173625,1,3557,65,4,94
81075519,1,4286,68,4,97
80166318,1,4286,65,7,89
81186758,1,4286,68,2,146
81186757,1,4286,68,2,146
80108976,1,4286,65,3,130
80208155,1,3921,67,7,110
80162144,1,3556,65,4,91
81053953,1,4285,68,3,106
81074113,1,4285,68,4,58
80992496,1,3920,66,4,111
70304191,1,3555,63,5,112
80103311,1,3555,66,4,102
81176200,1,4284,68,4,152
80208906,1,4284,67,4,87
80106966,1,3189,65,4,78
81080769,1,4283,58,2,121
70267838,1,3918,62,6,91
80211380,1,3918,67,4,101
80196586,1,3553,66,4,101
80099204,1,3553,65,3,119
80059432,1,2822,64,6,83
81172721,1,4282,67,4,182
81172727,1,4282,67,4,106
70153543,1,4282,59,6,102
81172728,1,4282,66,2,98
80102952,1,3917,67,4,124
80243600,1,4281,68,4,83
81122669,1,4281,68,4,82
81000389,2,4281,68,4,1
81132439,1,4281,67,2,111
80150502,1,3916,65,4,102
80119815,1,3186,63,2,87
80203776,1,3533,65,2,116
80143797,1,3533,65,2,139
80161931,1,3533,65,3,101
80017275,1,2802,63,6,130
81107545,1,4280,68,4,171
70118953,1,4280,58,9,84
80190449,1,3915,66,4,112
80163156,1,3550,66,2,62
80149143,1,4279,65,3,112
80987075,1,3914,67,2,103
80192815,1,3549,66,10,64
80066798,1,2818,64,1,82
81147293,1,4278,68,2,80
80991316,1,4278,68,4,88
80190588,1,4278,66,2,124
70124316,1,4278,31,3,104
70229037,1,4278,61,2,76
80037280,1,3913,64,3,92
80058248,1,4277,65,3,91
70307661,1,3912,63,3,93
70117312,1,3912,59,6,112
80092885,1,3182,65,4,89
80108371,1,3182,65,4,60
70129452,1,3182,59,,84
81030342,1,4276,68,1,64
70054723,1,4276,55,2,94
81131761,1,4276,68,4,86
81016326,1,3911,60,2,113
80227777,1,3911,65,4,92
81018233,1,3911,67,2,153
81016317,1,3911,66,1,111
81016337,1,3911,54,2,141
81018234,1,3911,67,4,128
81018235,1,3911,66,2,117
81018236,1,3911,66,2,100
81018237,1,3911,66,2,112
81018238,1,3911,66,4,110
80067522,1,3546,66,4,137
80192149,1,3546,62,2,108
80142637,1,3546,65,2,132
80192014,1,3546,66,2,87
80192015,1,3546,65,4,92
80202129,2,3546,65,4,1
80088910,1,3181,65,3,91
70290909,1,3181,61,2,83
80033772,1,2815,63,5,90
81093951,1,4275,68,2,157
80238013,1,4275,68,1,83
81089941,1,4275,67,2,95
81000011,1,3910,51,4,107
80217733,1,3910,67,2,109
80999985,1,3910,59,4,100
80188120,1,3910,67,4,114
80164779,1,3910,67,4,98
81092328,1,4274,68,4,106
81183572,1,4274,68,2,87
81037283,1,4274,67,4,90
80244973,1,4274,68,4,65
81132438,1,4274,67,2,105
81161230,1,4274,68,2,107
81002412,1,4274,68,1,103
81023636,1,4274,67,2,88
80198046,1,3544,66,9,78
70267728,1,4273,62,7,96
81001000,1,3908,67,4,100
80158670,1,3543,66,4,71
80244019,1,3907,67,4,123
80162143,1,3542,63,4,89
81060174,1,4271,68,4,67
70130445,1,4271,59,6,140
81001494,1,4271,68,4,93
80991570,1,3906,67,2,86
80184129,1,4262,66,3,96
60000861,1,4262,49,3,102
1151375,1,4262,46,6,108
80187228,1,4262,66,3,102
81031008,1,4262,67,4,93
70099119,1,4262,57,7,87
70039185,1,4262,54,6,94
81165769,1,4262,68,2,100
70056433,1,4262,56,6,88
70113003,1,4262,58,6,109
60031232,1,4262,52,3,138
80032842,1,4262,63,4,149
81137482,1,4262,63,4,82
70043308,1,4262,55,7,86
81165771,1,4262,61,2,112
70044697,1,4262,55,6,98
70105368,1,4262,57,3,113
81141689,1,4262,53,9,47
1008581,1,4262,30,3,106
70058023,1,4262,56,3,113
81165786,1,4262,66,2,119
81165770,1,4262,65,2,109
70043303,1,4262,55,7,98
70136074,1,4262,59,6,88
1153194,1,4262,46,6,116
70112730,1,4262,58,3,106
81158575,1,4262,68,2,95
81065786,1,4262,67,4,95
70087541,1,4262,57,11,113
81004113,2,3897,67,4,1
81003984,1,3897,64,2,122
70024088,1,3897,54,3,110
81005312,1,3897,66,4,104
80082969,1,3897,67,3,96
80994130,1,3897,67,4,109
81019924,1,3897,67,2,95
81018240,1,3897,67,2,110
81013710,1,3897,66,4,110
70077076,1,3897,56,5,79
81014988,1,3897,67,1,101
80102950,1,3897,62,4,112
70055221,1,3897,40,5,94
81005314,1,3897,66,2,94
80242828,1,3897,66,3,86
81004223,1,3897,66,4,84
80198730,1,3897,66,6,95
81016043,1,3897,66,4,113
17672040,1,3897,43,6,111
20254278,1,3532,37,2,148
70276596,1,3532,61,4,92
80063025,1,3532,62,4,107
70068739,1,3532,55,2,90
80156941,1,3532,32,2,151
70052492,1,3532,53,5,88
70036200,1,3532,52,5,99
70018513,1,3532,51,5,99
80158480,1,3532,22,2,132
80139506,1,3532,66,4,95
80205314,1,3532,64,2,155
80158545,1,3532,23,2,162
80156939,1,3532,38,2,163
80152537,1,3532,60,2,102
80045673,1,3532,58,2,96
70275937,1,3532,59,2,85
70101321,1,3532,54,5,97
70108386,1,3532,55,5,95
70074559,1,3532,53,5,83
80162197,1,3532,65,4,89
80160358,1,3532,65,4,103
60034929,1,3532,35,3,84
80157134,1,3532,33,1,160
80141891,1,3532,65,4,113
80183897,1,3532,65,4,99
80177834,1,3532,65,12,86
80121855,1,3532,65,4,83
80168028,1,3532,66,4,113
80190990,1,3532,65,2,86
80173269,1,3532,66,4,78
80106140,1,3167,64,5,111
80106137,1,3167,64,2,88
80114155,1,3167,63,2,93
80118841,1,3167,57,8,29
80102579,1,3167,64,1,88
80114419,1,3167,64,4,107
80103426,1,3167,65,4,91
70278877,1,2071,62,5,75
80244311,1,4300,68,6,106
81183570,1,4300,68,2,87
81016328,1,3935,58,1,96
80239503,1,3935,67,4,57
81016321,1,3935,65,2,98
80995737,1,4299,68,4,70
81020161,1,3934,67,2,119
80025390,1,4298,63,3,111
80196216,1,3568,66,4,80
80115464,1,3203,65,4,73
80041653,1,3203,65,4,108
81016338,1,4297,67,2,101
81002592,1,3932,64,2,92
81017724,1,3932,67,6,94
80170301,1,3567,66,1,107
81177367,1,4296,68,4,109
81016323,1,3931,63,2,151
81016318,1,3931,65,1,74
80242081,1,3931,67,4,89
80168222,1,3931,67,3,124
81158574,1,4295,68,2,110
80237905,1,4295,68,4,102
81132440,1,4295,68,1,102
81021243,1,4295,68,13,24
81004460,1,3930,65,4,84
81016330,1,3930,58,1,121
70105130,1,3930,57,6,85
80141858,1,3200,65,8,25
81084225,1,4322,68,4,65
80203920,2,4322,68,4,1
80199806,1,3957,67,4,126
80084834,1,3957,64,3,118
80208273,1,3592,66,4,84
80145699,1,3592,65,4,76
70266684,1,2861,62,5,85
81166978,2,4321,65,2,1
81177371,1,4321,68,2,126
70067230,1,3956,54,1,116
80207446,1,3956,65,2,122
80207447,1,3956,63,10,105
81016324,1,3956,62,1,90
80192097,1,3591,66,6,75
70002129,1,3929,27,10,25
80191963,1,3929,66,6,121
80218099,1,3929,66,4,88
80199767,1,3564,66,3,90
80191665,1,3564,66,4,66
80161921,1,3564,66,3,92
81148672,1,4320,68,4,63
80224362,1,3955,66,3,87
80092857,1,3225,65,9,92
81110394,1,4319,67,10,20
80067754,1,3954,64,6,102
80189954,1,3589,66,7,93
80094648,1,3224,65,2,89
80066073,1,3224,65,1,107
80123740,1,3224,65,1,94
80123741,1,3224,65,4,110
80123742,1,3224,65,4,81
81000863,1,3953,67,4,89
70082255,1,3953,55,4,94
80117454,1,3588,66,2,98
80095197,1,3223,65,4,77
80045783,1,2857,64,5,85
81123469,1,4317,68,7,88
80990221,1,3952,67,6,126
80202352,1,3952,68,4,89
80235268,1,3952,67,4,90
81025088,1,3952,67,4,115
80173479,1,3587,65,3,91
80081372,1,4316,64,6,98
81136744,1,4316,68,2,94
81132444,1,4316,63,4,106
80182014,1,4316,68,3,118
81018455,1,4316,68,4,86
81110383,1,4316,67,4,94
81018183,1,3951,67,2,93
80064515,1,3586,64,3,168
80062011,1,2855,64,10,90
81034741,1,4315,68,6,82
81075461,1,4315,68,2,92
80205231,1,3950,64,2,138
80158919,1,3585,66,4,68
80017261,1,4314,63,3,95
80186796,1,4314,68,1,52
81071891,1,4314,67,4,108
80224536,1,3949,67,4,74
80994444,1,3949,67,6,102
80017286,1,3584,64,3,97
70295169,1,4313,64,3,91
80039050,1,4313,64,6,96
81027753,1,4313,68,4,67
15815343,1,4313,23,3,83
70295176,1,4313,64,6,94
81043190,1,4313,67,2,97
80131240,1,3948,65,1,103
70170182,1,3583,59,2,115
70082633,1,3583,56,2,148
70049619,1,3583,55,1,149
80211135,1,3583,59,2,113
70109884,1,3583,57,2,137
70176967,1,3583,60,1,140
70198040,1,3583,60,1,144
80038442,1,2852,64,3,105
80091310,1,4312,65,3,91
70114484,1,3947,57,1,119
80117443,1,3217,65,4,64
80010717,1,2486,63,4,68
81020005,1,3946,67,4,104
81035748,1,3946,63,2,161
80135164,1,3581,66,4,103
80113669,1,3581,66,4,82
81094801,1,4293,68,4,98
80218973,1,3928,66,3,111
80235999,1,3928,61,4,81
80017240,1,3928,63,4,137
70118859,1,3928,49,2,56
80236778,1,3928,31,3,80
80236470,1,3928,63,4,94
699257,1,3928,28,3,94
80236574,1,3928,38,2,72
80039069,1,3563,64,3,101
80046779,1,2832,64,2,64
60001650,1,4310,46,6,98
81172848,1,4310,67,2,92
81034575,1,4310,67,6,118
80226951,1,3945,67,4,51
80232279,1,3945,67,7,86
80239666,1,3945,67,4,140
81011973,1,3945,62,4,122
80144152,1,3945,65,4,95
81035749,1,3945,64,2,205
80148162,1,3945,67,4,121
80171705,1,3580,66,4,94
81172729,1,4309,66,2,87
81172895,1,4309,65,2,121
80206910,1,4309,68,4,98
81132442,1,4309,66,2,95
81172723,1,4309,67,2,107
80990336,1,4309,68,4,100
81172909,1,4309,66,4,101
80994011,1,4309,68,3,96
81172902,1,4309,67,2,99
80998890,1,4309,68,2,112
81047903,1,4309,66,2,127
81026343,1,3944,67,4,131
70125931,1,4308,59,7,140
70235768,1,3943,59,1,80
80177406,1,3578,66,4,66
81053240,1,4307,68,4,63
80043834,1,4307,64,3,97
81157840,1,4307,67,4,86
80244900,1,3942,67,4,63
80211134,1,3577,66,2,135
70271601,1,3577,62,3,96
80204433,1,3577,66,2,144
80089199,1,3212,64,1,111
80043049,1,2846,64,4,59
80044545,1,2846,64,5,137
80070182,1,2846,64,5,86
80176234,2,4306,63,4,1
80992769,1,4306,65,3,93
81025935,1,3941,66,2,150
81020508,1,3941,67,4,159
80201824,1,3576,65,4,108
80203782,1,3576,64,2,127
80201829,1,3576,62,2,127
80126016,1,3576,64,4,90
80202089,1,3576,64,2,126
80203789,1,3576,65,2,121
80193423,1,3576,66,2,119
80201825,1,3576,64,2,109
80028360,1,3576,62,2,132
80203783,1,3576,63,4,118
80142617,1,3576,65,3,84
80201823,1,3576,65,4,93
80190841,1,3576,66,4,96
80115858,1,3576,65,1,145
80158547,1,3576,11,1,158
80206827,1,3576,66,1,132
80202090,1,3576,63,4,111
80203790,1,3576,65,1,133
80158391,1,3576,10,1,143
80201822,1,3576,65,2,117
80123743,1,3211,65,2,97
70258995,1,3211,61,4,77
70208801,1,3211,57,5,94
70260383,1,3211,59,5,94
80123744,1,3211,64,2,91
70105699,1,3211,57,2,93
70124999,1,3211,56,2,95
80990869,1,4305,68,2,62
80187205,1,3575,66,1,107
80097472,1,3210,65,4,80
80075009,1,2844,64,5,135
70280748,1,2114,62,5,72
81034012,1,4304,68,4,96
81019031,1,3939,67,2,131
80148070,1,3574,65,2,83
80155812,1,3574,65,4,102
80183198,1,3574,66,4,52
80164456,1,3574,66,4,85
80174434,1,3574,66,4,113
80075476,1,3209,65,4,95
80158148,1,3938,67,4,130
80239565,1,3938,67,4,99
81021082,1,3938,67,2,106
80240972,1,3938,67,3,97
80103282,1,3573,65,2,88
80134526,1,3573,66,4,89
80127559,1,3208,65,1,90
80005501,1,2477,63,7,71
81132441,1,4302,66,4,104
81078819,1,4302,68,4,123
80223997,1,4302,68,4,100
81191666,1,4302,68,2,99
81133621,1,4302,68,4,151
81038598,1,4302,68,4,102
81016322,1,3937,64,1,118
80147323,1,3937,65,2,98
80210932,1,3936,67,3,144
81015317,1,3936,67,3,110
80205204,1,3571,66,4,59
70235731,2,2840,50,10,1
80003481,1,2475,63,4,71
81168338,1,4292,38,2,93
81103033,1,4292,68,4,77
60002273,1,4292,50,3,103
70297962,1,4292,62,10,45
269880,1,4292,44,3,119
60029167,1,4292,52,3,147
60020891,1,4292,50,3,123
347365,1,4292,41,3,99
60003242,1,4292,49,6,98
60027726,1,4292,52,6,106
81166946,2,4292,65,2,1
70023961,1,4292,53,3,112
60027716,1,4292,52,6,85
70287957,1,4292,63,7,91
81168345,1,4292,39,4,88
60020892,1,4292,50,3,101
81164752,1,4292,67,1,90
60028097,1,4292,46,7,96
70065112,1,4292,56,11,99
70083108,1,4292,57,3,101
70184050,1,4292,60,6,111
81168347,1,4292,24,4,96
81003460,1,4292,66,2,86
81168348,1,4292,22,4,97
70095135,1,4292,58,6,121
81168340,1,4292,34,4,90
60023597,1,4292,51,6,88
81002876,1,4292,68,4,64
70058017,1,4292,56,7,104
70058024,1,4292,56,6,122
70011211,1,4292,53,6,125
70271599,1,4292,62,7,92
70020699,1,4292,29,3,129
60003540,1,4292,49,9,79
1181550,1,4292,46,3,121
70170051,1,4292,59,6,106
70021630,1,4292,54,3,124
81043753,1,4292,66,4,87
60001761,1,4292,33,7,125
70041963,1,4292,55,6,154
70058025,1,4292,56,7,86
70128696,1,4292,59,6,111
70077542,1,4292,56,6,97
81168342,1,4292,19,1,66
81165772,1,4292,58,2,121
510854,1,4292,43,7,91
60000921,1,4292,49,7,91
81168343,1,4292,31,2,82
70044605,1,4292,55,6,117
18021979,1,4292,47,9,81
81168344,1,4292,27,4,84
70020750,1,4292,54,3,81
70105596,1,4292,58,6,107
60037022,1,4292,45,3,94
60034571,1,4292,53,3,163
70053456,1,4292,55,7,90
80173150,1,4292,66,6,96
81168341,1,4292,32,4,91
81168346,1,4292,16,4,93
80137461,1,3927,65,1,140
81012857,1,3927,66,7,91
70123116,1,3927,58,4,97
80190101,1,3927,63,4,146
81024712,1,3927,65,2,118
70112494,1,3927,58,3,133
80215922,1,3927,66,6,106
70113306,1,3927,58,2,128
70113305,1,3927,58,4,137
80032472,1,3927,63,1,145
70181653,1,3927,61,2,106
80048200,1,3927,64,5,61
80032474,1,3927,62,2,137
80032476,1,3927,63,2,129
70127589,1,3927,58,1,99
80104130,1,3927,66,2,155
80032473,1,3927,63,2,142
70090035,1,3927,57,2,214
81024713,1,3927,64,2,137
70117268,1,3927,58,4,128
70211216,1,3927,60,3,89
70140322,1,3927,59,4,67
81024696,1,3927,67,2,151
70303428,1,3927,63,2,121
70125882,1,3927,58,2,101
70101039,1,3927,57,1,145
70123121,1,3927,58,4,147
80152182,1,3927,65,2,90
70229042,1,3927,61,2,129
70042756,1,3927,54,2,129
80187618,1,3927,66,1,136
81024704,1,3927,65,2,117
70229047,1,3927,61,2,150
70229555,1,3927,60,2,134
70213515,1,3927,60,1,100
81018563,1,3927,67,8,44
81018565,1,3927,67,8,44
70114948,1,3927,58,5,111
80190103,1,3927,63,4,147
81024729,1,3927,62,4,115
80032477,1,3927,62,1,121
81024711,1,3927,65,4,103
81025908,1,3927,65,2,73
70303495,1,3927,64,2,129
70303429,1,3927,63,2,102
80084768,1,3927,62,1,122
70096752,1,3927,57,2,155
70229046,1,3927,62,2,139
80084767,1,3927,64,2,131
81024701,1,3927,66,2,127
70229048,1,3927,61,2,156
70292836,1,3927,62,1,132
80141767,1,3927,65,4,130
70139542,1,3927,59,4,137
70039175,1,3927,54,3,132
70225597,1,3927,61,4,156
70123119,1,3927,58,2,132
70150437,1,3927,59,1,119
80084667,1,3927,64,2,140
70099118,1,3927,57,3,101
81024705,1,3927,65,2,126
80198771,1,3562,61,4,135
80062096,1,3562,64,7,107
70291096,1,3562,62,13,74
70130483,1,3562,59,13,74
80031038,1,3562,64,13,74
80065930,1,3562,64,13,83
80112370,1,3562,65,13,79
70165189,1,3562,59,8,72
70197459,1,3562,60,13,80
80095193,1,3562,65,13,75
70246439,1,3562,61,13,75
80158155,1,3562,66,13,72
80063617,1,3562,62,7,80
80202503,1,3562,66,4,93
70257412,1,3562,61,3,86
80118280,1,3562,65,12,47
80135360,1,3562,65,7,107
70286355,1,3562,62,7,119
80150246,1,3562,65,4,108
80017272,1,3562,63,7,85
80075828,1,3562,64,6,90
80095089,1,3562,65,8,72
80208176,1,3562,59,8,23
80116741,1,3562,65,6,68
80063290,1,3562,64,7,85
80162195,1,3562,65,1,84
80106036,1,3562,65,1,118
80198687,1,3562,53,4,116
80162246,1,3562,66,4,81
80112371,1,3562,65,8,73
80208413,1,3562,65,4,140
80094453,1,3197,64,5,105
70153553,1,3197,59,2,100
80098709,1,3197,65,5,96
80092849,1,3197,64,4,97
80107372,1,3197,65,8,73
80138584,2,3197,64,2,1
80106138,1,3197,65,5,132
80038288,1,3197,64,2,96
80109089,1,3197,65,5,92
80061797,1,3197,62,2,99
70206821,1,1370,37,5,95
70206816,1,1370,35,5,96
60022914,1,1370,35,5,94
70206818,1,1370,39,5,94
70206819,1,1370,37,1,93
70206822,1,1370,36,5,96
70206820,1,1370,38,1,94
70206823,1,1370,37,5,94
70206824,1,1370,40,1,93
70206825,1,1370,39,5,95
70206826,1,1370,40,5,93
81029831,1,3966,58,2,99
80194289,1,3966,66,4,132
80191219,1,3966,66,4,106
80190859,1,3966,67,3,122
70243445,1,4330,61,3,100
80201542,1,4330,68,6,93
81079723,1,4330,68,4,94
81003058,1,3965,67,7,79
80236993,1,3965,66,2,78
80057565,1,3965,64,6,111
81002596,1,3965,61,1,112
81002597,1,3965,64,1,107
80148275,1,3235,65,2,101
80127886,1,4329,65,2,121
80080491,1,3964,64,3,102
80046777,1,3964,64,3,81
60024976,1,3599,51,3,81
80173002,1,3599,65,3,123
81092045,1,4328,68,4,78
81034600,1,4328,67,4,116
81058497,1,4327,68,4,61
80167628,1,4327,66,3,98
81165326,1,4327,68,4,123
81053961,1,4327,68,3,85
81029848,1,3962,67,2,129
80204460,1,3597,66,6,153
70209267,1,4326,60,10,92
70306305,1,4326,61,1,87
70262831,1,4326,60,1,92
70113005,1,4326,58,3,112
70052286,1,4326,44,3,97
80114460,1,4326,65,2,78
81206389,1,4326,68,4,103
80117461,1,3231,65,4,64
81213894,1,4352,68,2,135
80238204,1,3987,67,1,93
80230507,1,3987,67,10,30
80990725,1,3987,67,4,82
81016327,1,3987,60,1,95
81004245,1,3987,67,6,127
81033200,1,3987,57,1,120
81039383,1,3987,67,4,114
81018377,1,3987,67,4,119
81021528,1,3987,67,4,101
80991809,1,3987,67,4,96
70117294,1,4325,59,6,107
70117582,1,3960,60,7,86
81082007,1,4351,68,2,106
81172754,1,4351,67,2,107
81120982,1,4351,68,4,81
81227195,1,4351,65,4,107
81172899,1,4351,67,4,110
81172908,1,4351,66,2,104
81172901,1,4351,67,2,93
81033086,1,4350,68,1,94
60020826,1,4350,50,3,124
80226242,1,3985,66,4,120
70101696,1,4349,57,3,137
81194544,1,4349,68,2,134
81177504,1,4349,68,4,106
80175798,1,4349,68,3,209
80239961,1,3984,67,4,139
80219019,1,3619,66,6,128
81062293,1,4348,68,4,86
80235524,1,4348,68,13,24
81215481,1,4347,68,4,117
80147529,1,3982,64,2,95
81018860,1,3982,67,13,44
80141787,1,3252,65,4,92
80049871,1,3252,65,4,61
81218079,1,4346,68,4,92
60028294,1,4346,29,7,114
80125671,1,4346,66,3,121
80174220,1,3616,66,4,94
80103512,1,3616,65,4,101
60020948,1,4345,22,9,94
70235384,1,4345,61,3,109
569355,1,4345,36,3,110
60022645,1,4345,51,6,96
80196379,1,3615,66,7,93
80198859,1,4344,68,4,97
80159876,1,4344,64,2,121
81218074,1,4344,68,2,119
80199682,1,3979,67,1,104
80203522,1,3614,66,2,109
80107037,1,3249,64,4,88
80077402,1,3249,65,4,88
80107219,1,3249,61,4,113
60023606,1,4343,51,6,138
81026188,1,4343,68,2,93
80080109,1,3978,64,3,110
80988835,1,3978,67,4,91
80208104,1,3613,66,13,51
80134827,1,3613,66,1,61
80127558,1,3613,66,1,73
80158084,1,3613,66,1,113
80124725,1,3248,65,4,67
70267398,1,4342,62,3,111
80108983,1,4342,65,7,88
292118,1,4342,45,6,81
70003046,1,4342,41,6,73
80221584,1,4342,68,4,86
70053833,1,4342,56,3,116
70122722,1,4342,58,6,85
81217738,1,4342,68,2,134
80081990,1,4342,64,4,109
60004471,1,4342,50,6,102
60022413,1,4342,45,3,101
70058022,1,4342,56,6,88
60022502,1,4342,44,7,101
80244683,1,4342,68,10,28
80028357,1,4342,63,3,103
81217739,1,4342,68,1,131
60031884,1,4342,17,6,166
70117289,1,4342,59,3,105
28631236,1,4342,48,6,82
70121502,1,4342,60,7,107
70215455,1,4342,61,3,84
506464,1,4342,45,7,103
60003508,1,4342,49,3,112
70105132,1,4342,58,3,89
60004083,1,4342,23,3,121
70087538,1,4342,57,6,87
1181661,1,4342,46,6,136
60011552,1,4342,42,6,118
70044693,1,4342,55,6,129
70173046,1,4342,60,3,94
70039187,1,4342,54,7,88
70044686,1,4342,56,3,158
80989043,1,3977,67,7,91
81021831,1,3977,67,4,114
81021832,1,3977,67,2,91
80239932,1,3977,67,4,64
81214223,1,4324,63,10,68
80027560,1,4324,61,1,68
70135899,1,4324,59,3,99
81215437,1,4324,66,10,69
81215438,1,4324,66,1,81
81214187,1,4324,62,10,69
80160987,1,4324,65,1,68
81215439,1,4324,64,1,68
70178618,1,4324,60,6,91
70292700,1,4324,59,10,86
81214214,1,4324,64,10,40
81020531,1,3959,67,2,116
80242446,1,3959,67,1,95
80085566,1,3959,67,3,122
80124722,1,3959,67,4,98
70243696,1,3229,59,5,125
70243692,1,3229,59,5,125
81073633,1,4341,68,4,78
70230138,1,3246,61,5,65
70083532,1,3975,56,9,89
80177865,1,3610,66,4,125
80117534,1,3245,65,4,62
80115031,1,3245,65,4,107
80079470,1,2879,64,5,91
70127998,1,688,58,2,29
80160759,1,3609,66,1,92
80209608,1,3609,66,4,94
80182622,1,3609,66,8,65
80175694,1,3609,66,3,135
80016471,1,3609,63,1,86
70189289,1,4338,60,3,100
80013267,1,4338,63,2,84
80046819,1,4338,64,6,107
70293315,1,4338,62,3,101
80177400,1,3973,67,4,95
81037898,1,3973,66,4,86
81004099,1,3973,67,4,94
80200267,1,3973,67,3,133
70113538,1,3608,58,6,80
80244457,1,4337,68,3,107
81196441,1,4337,68,1,74
81162089,1,4337,68,1,60
81217737,1,4337,68,4,143
81076114,1,4337,68,2,105
80093820,1,4337,60,1,110
80183187,1,4337,68,7,98
70124331,1,4337,59,7,100
81217749,1,4337,67,1,74
70291121,1,4337,62,2,46
81035105,1,3972,67,2,122
80224054,1,3972,66,7,86
81038832,1,3972,67,2,111
81035109,1,3972,66,1,132
81030893,1,3972,67,4,111
81035104,1,3972,67,2,121
80075824,1,3972,64,4,76
81035108,1,3972,66,1,92
81035107,1,3972,67,2,119
81028556,1,3972,65,13,45
81028574,1,3972,67,13,75
81028560,1,3972,66,13,71
80196044,1,3972,64,4,81
80122177,1,3972,66,4,115
80136925,1,3607,65,2,142
70040076,1,3607,54,2,131
80117532,1,3242,65,4,69
70260514,1,3242,61,2,77
80127995,2,3242,62,1,1
81156627,1,4336,68,4,88
81096745,1,4336,68,4,54
80191804,1,3606,66,4,66
80191109,1,3606,66,4,88
80004534,1,2510,63,5,75
70213466,1,1780,61,3,84
80222787,1,3970,67,4,128
80147403,1,3605,65,1,99
80058424,1,2874,64,4,62
81078466,1,4334,68,4,59
80060034,1,3969,64,3,95
80205085,1,3604,66,2,96
70117297,1,4333,58,3,100
81152923,1,4333,68,4,95
80131563,1,3603,66,4,126
80091658,1,3238,65,2,98
80237420,1,3967,66,4,114
70174733,1,3602,59,5,65
80183088,1,3602,66,4,54
80198018,1,3602,66,4,76
80127990,1,3602,66,4,100
80134279,1,3237,65,4,71
70044870,1,4323,55,6,102
26597413,1,4323,46,3,119
80245356,1,4323,68,4,94
18002692,1,4323,47,3,119
81024100,1,4323,68,4,90
60027583,1,4323,52,6,105
60002033,1,4323,11,2,108
70046968,1,4323,9,5,108
81154982,1,4323,68,1,87
81063129,1,4323,66,1,112
81074542,1,4323,67,4,101
382650,1,4323,22,7,89
70044705,1,4323,56,6,91
449931,1,4323,14,6,200
81189912,1,4323,68,2,119
80215046,1,4323,67,7,90
60036838,1,4323,22,3,103
81179693,1,4323,67,3,110
485218,1,4323,45,3,133
1192866,1,4323,47,3,124
11819434,1,4323,47,3,118
516788,1,4323,8,9,98
70048968,1,4323,54,6,85
542137,1,4323,9,9,115
60021796,1,4323,50,3,137
60031247,1,4323,52,3,98
60000577,1,4323,27,7,110
81083786,1,4323,67,7,92
80153894,1,4323,66,6,116
1179333,1,4323,46,3,94
70118779,1,4323,58,6,134
653673,1,4323,22,3,102
70020947,1,4323,54,6,98
70117305,1,4323,59,3,100
701346,1,4323,41,3,105
709163,1,4323,25,7,118
709380,1,4323,12,3,153
1150871,1,4323,46,3,109
70082264,1,4323,57,6,99
1179583,1,4323,46,3,96
70044595,1,4323,55,7,91
60011729,1,4323,12,1,185
70044883,1,4323,55,7,92
60021590,1,4323,11,1,127
60023638,1,4323,51,3,98
70031792,1,4323,7,6,111
70100383,1,4323,57,3,120
60002403,1,4323,17,3,137
17236920,1,4323,47,3,121
923574,1,4323,44,3,89
81152930,1,4323,68,1,91
973861,1,4323,45,3,135
70058796,1,4323,25,7,98
70047101,1,4323,56,6,139
81189396,1,4323,67,2,95
70093991,1,4323,57,3,98
60033247,1,4323,21,3,91
70060000,1,4323,56,3,122
70295067,1,4323,62,7,100
70031779,1,4323,14,2,103
1178866,1,4323,46,3,129
60033312,1,4323,54,3,133
684847,1,4323,40,3,105
81150305,1,4323,68,2,107
20557937,1,4323,48,3,136
60027695,1,4323,52,3,138
60031303,1,4323,52,3,129
848915,1,4323,42,6,141
60022980,1,4323,51,6,99
60003961,1,4323,37,6,89
70060005,1,4323,57,6,90
70084791,1,4323,57,6,98
70123542,1,4323,58,3,88
70107499,1,3958,57,4,103
70123117,1,3958,58,4,117
70100644,1,3958,57,2,95
80057750,1,3958,64,2,146
70229045,1,3958,62,2,136
70139073,1,3958,60,2,91
81024731,1,3958,67,2,123
70219525,1,3958,61,1,144
16914787,1,3958,47,3,103
80039595,1,3958,63,1,126
70123120,1,3958,58,2,121
80224055,1,3958,67,1,91
70052249,1,3958,55,2,158
70084775,1,3958,56,2,157
70114588,1,3958,58,2,124
70185139,1,3958,59,1,106
80232501,1,3958,67,4,92
80210147,1,3958,66,4,80
80224606,1,3958,66,4,94
80058851,1,3958,64,4,126
70219528,1,3958,62,2,129
70241088,1,3958,61,2,133
70068799,1,3958,56,2,109
70229044,1,3958,61,4,143
70254349,1,3958,62,2,140
70254342,1,3958,61,2,150
80084838,1,3958,62,1,128
70254346,1,3958,62,2,120
70229040,1,3958,61,2,154
70056663,1,3958,55,4,45
80067906,1,3958,64,2,132
70071832,1,3958,56,2,126
70273401,1,3958,62,4,95
80097390,1,3958,65,3,91
70106268,1,3958,57,4,135
80039594,1,3958,63,2,139
70139076,1,3958,60,4,131
70109758,1,3958,57,2,118
70123126,1,3958,59,4,129
70303431,1,3958,63,2,131
70254351,1,3958,62,2,146
70275076,1,3958,62,2,123
80189997,1,3958,63,2,141
81015100,1,3958,64,4,93
80076581,1,3958,64,1,91
81025404,1,3958,66,10,58
80182949,1,3958,66,4,91
70060017,1,3958,56,7,112
70266675,1,3958,63,6,119
80155792,1,3958,65,4,106
70108590,1,3958,57,1,131
70185141,1,3958,60,7,104
80201826,1,3593,63,4,103
80158388,1,3593,27,2,141
80203778,1,3593,65,4,115
80201820,1,3593,66,1,120
80103312,1,3593,65,4,104
80202605,1,3593,65,1,97
80203791,1,3593,65,2,120
80079229,1,3593,64,1,132
80080145,1,3593,64,2,135
80157797,1,3593,65,10,82
80032364,1,3593,63,2,158
80203786,1,3593,60,4,107
80032097,1,3593,63,2,122
80156684,1,3593,66,4,95
80174727,1,3593,66,2,98
80201827,1,3593,63,4,113
80179288,1,3593,65,6,94
80203780,1,3593,65,2,120
80216215,1,3593,64,2,92
80211371,1,3593,60,2,132
80144358,1,3228,64,1,59
80097360,1,3228,65,5,91
80093212,1,3228,64,5,107
60000545,1,3228,47,5,101
80025702,1,3228,41,3,93
80156369,1,3228,30,5,86
1145882,1,3228,22,5,81
70288423,1,2132,60,5,44
70290568,1,2132,62,5,80
70141644,1,1036,36,5,84
81035836,1,4147,66,4,110
81044103,1,4147,67,6,87
81072917,1,4147,67,4,126
70142542,1,4147,59,6,103
81035855,1,4147,62,4,111
81035845,1,4147,64,4,100
81035856,1,4147,62,2,112
80134780,1,3417,66,4,61
80221308,1,3781,66,4,76
80213657,1,3781,67,4,67
80217133,1,3781,65,4,99
80059440,1,3051,64,5,107
70118125,1,3780,56,2,91
81016592,1,4144,67,1,99
81067760,1,4144,68,4,125
70172928,1,4144,60,6,147
80101493,1,3049,65,4,60
80235472,1,4143,66,3,88
80177300,1,3778,67,4,92
80189866,1,3778,67,9,87
80106793,1,3413,66,4,81
80124727,1,3413,66,4,72
80117263,1,3413,66,1,98
80087897,1,3048,64,5,86
70084180,1,491,56,5,104
80195964,1,3777,67,4,100
80213024,1,3777,67,4,113
80244782,1,3777,67,4,105
80144280,1,3777,67,1,94
80209866,1,3777,66,4,109
80241666,1,3777,67,4,116
80167648,1,3777,66,2,99
80202874,1,4169,68,6,102
70109249,1,4169,57,2,127
80993095,1,4169,68,4,101
70045644,1,4169,55,2,135
70025612,1,4169,53,4,124
80237006,1,4169,68,4,103
80160033,1,4169,55,4,105
81111849,1,4169,68,2,98
80083930,1,4169,60,4,93
80083752,1,4169,63,4,113
70185023,1,4169,60,4,106
80189827,1,3804,66,2,89
70202150,1,4168,60,3,99
81010699,1,4168,68,2,123
70299863,1,4168,63,3,91
80133554,1,3438,66,4,71
80994596,2,4141,68,4,1
81031939,1,4141,68,4,79
81028570,1,4141,68,3,110
80244640,1,4141,67,4,128
80999729,1,4141,68,2,110
80992499,1,3776,67,4,89
80176342,1,3437,66,2,153
81087094,1,4166,67,4,84
80221447,1,4166,67,7,99
80063265,1,3070,65,4,109
81034931,1,4164,67,4,122
80202903,1,3799,67,4,117
80167459,1,3434,66,2,98
80164778,1,3434,66,5,143
80068327,1,3434,66,4,123
80087933,1,3069,63,1,96
80084666,1,3798,57,2,114
80192137,1,3798,67,4,63
80195049,1,3798,67,4,94
80186850,1,3798,67,2,74
80117765,1,3433,65,3,97
81046255,1,4162,68,4,101
80218306,1,4162,68,2,99
80211638,1,4162,68,4,91
80220758,1,3797,66,4,103
80165083,1,3431,65,4,80
81057229,1,4160,67,4,137
80151384,1,3795,67,2,58
80038335,1,2699,64,4,78
80011852,1,2699,64,2,84
80121348,1,4159,65,3,111
81011598,1,4159,68,4,66
81005364,1,4159,67,2,159
81035880,1,4140,66,2,79
81103139,1,4140,67,2,87
70143369,1,4140,61,6,133
81096151,1,4140,67,8,116
70259801,1,4140,62,3,119
80990658,1,3775,66,4,92
80133663,1,3410,66,4,64
80117082,1,3410,65,3,95
81043473,1,4157,68,4,125
80091267,1,3792,61,2,94
80182919,1,3792,66,3,92
80115466,1,3427,66,2,106
80142223,1,3427,66,4,101
80080768,1,4156,64,3,95
81061407,1,4156,68,4,95
80161216,1,3791,67,4,104
80218111,1,3791,67,4,117
81103108,1,4155,67,2,96
80236341,1,4155,68,4,90
81041271,1,4155,68,4,53
80216758,1,4155,68,4,87
70083809,1,3790,56,5,89
80028529,1,2694,63,9,78
70154110,1,1233,59,5,103
80998967,1,4154,68,1,90
81038047,1,4154,67,2,96
60021906,1,4154,50,1,150
70142827,1,4154,60,6,105
70149579,1,4154,59,4,112
70109375,1,4154,57,4,119
70289558,1,4154,62,2,142
81085319,1,4154,68,1,94
70117577,1,4154,60,3,97
70158421,1,3789,59,1,129
20258084,1,3789,43,1,160
80097814,1,3424,65,3,119
70241757,1,3424,61,3,140
80133551,1,3424,66,4,59
81110388,1,4153,67,1,137
80220311,1,4153,67,3,100
81110389,1,4153,67,2,125
70111279,1,4153,57,2,128
81123050,1,4153,67,2,108
70007056,1,4153,52,2,136
70035357,1,4153,54,2,165
80108481,1,4153,65,3,124
70153178,1,4153,59,5,133
70073018,1,4153,56,11,116
80994416,1,3788,66,2,150
80243408,1,3788,67,2,158
80994418,1,3788,66,2,118
70050576,1,3788,28,6,100
70253596,1,3788,62,3,90
80157133,1,3423,41,2,164
80157083,1,3423,43,2,151
80098287,1,3423,65,4,84
24081514,1,3423,44,2,142
80157564,1,3423,65,2,110
80178078,1,3423,65,4,99
80104330,1,3058,63,2,102
81053958,1,4152,68,3,102
81094666,1,4152,67,2,87
80223928,1,4151,68,10,70
81065331,1,4151,68,1,92
80186940,1,3786,67,4,64
80120740,1,3421,65,6,86
81077874,1,4150,67,2,88
80117736,1,3785,66,4,92
80114666,1,3420,66,4,101
80157866,1,3420,66,4,88
80161029,1,3420,66,8,86
81039410,1,4149,67,4,100
81012340,1,4149,68,4,111
70242536,1,4149,60,1,128
80192065,1,3784,67,4,63
80143556,1,3784,67,2,105
80216541,1,4148,67,4,98
80194950,1,4148,68,3,104
70261058,1,3418,61,2,151
70204288,1,3418,60,2,116
80057278,1,3418,64,2,128
70293703,1,3418,62,5,128
80165853,1,3418,60,4,86
80161108,1,3418,65,8,88
80082660,1,3418,64,4,80
80028359,1,2687,64,7,93
81076049,1,4139,67,2,53
60031264,1,4139,52,7,82
81059956,1,4139,66,4,99
81094667,1,4139,68,2,87
81069255,1,4139,67,2,90
81094083,1,4139,67,2,124
80208082,1,4139,64,2,53
81080637,1,4139,68,7,88
81049260,1,4139,67,4,104
81017593,1,4139,67,2,92
70270364,1,4139,62,3,126
81093342,1,4139,68,2,140
70056441,1,4139,56,7,87
419733,1,4139,31,7,93
81021631,1,4139,67,4,80
80241044,1,3774,67,4,82
80213148,1,3774,66,4,70
80150390,1,3774,65,2,131
80993495,1,3774,66,4,105
80192548,1,3774,66,2,130
80232330,1,3774,67,4,98
80103425,1,3774,66,4,90
80170875,1,3774,66,4,105
80990815,1,3774,66,2,106
80990816,1,3774,66,2,126
80990829,1,3774,65,5,84
80238110,1,3774,67,4,65
80241876,1,3774,66,2,121
80990811,1,3774,66,1,163
80224106,1,3774,67,7,92
80206732,1,3774,66,2,124
80990810,1,3774,65,2,107
80235767,1,3774,57,10,25
80990814,1,3774,64,2,103
80245268,1,3774,65,2,45
80228322,1,3774,65,2,101
80223149,1,3774,66,2,60
80179373,1,3774,66,3,90
80233962,1,3774,66,4,96
80233493,1,3774,67,6,98
80990813,1,3774,64,2,94
80220531,1,3774,66,4,74
80134149,1,3409,65,3,96
80115133,1,3409,65,5,111
80176698,1,3409,64,1,127
80165848,1,3409,61,2,117
70275753,1,3409,62,2,123
70295762,1,3409,62,5,139
80165849,1,3409,65,2,95
80158395,1,3409,45,5,148
70275774,1,3409,62,1,121
80103430,1,3409,65,2,79
80165850,1,3409,64,1,127
80103372,1,3409,65,3,92
80068117,1,3409,64,2,162
20764666,1,3409,45,2,163
70268209,1,3409,61,2,83
80165851,1,3409,63,2,112
70129415,1,3409,58,6,117
80095094,1,3409,65,5,90
80156763,1,3409,65,2,95
80156857,1,3409,65,4,99
70268489,1,3409,62,5,125
80178720,1,3409,66,2,93
80106505,1,3409,64,4,89
80015785,1,3409,63,2,120
80097361,1,3409,65,1,114
80176716,1,3409,65,4,109
80132961,1,3409,65,4,83
80165857,1,3409,63,2,107
70258366,1,3409,61,1,129
80165732,1,3409,63,1,135
80165854,1,3409,60,2,149
80083589,1,3409,64,4,136
80032081,1,3409,63,4,138
17457962,1,3409,45,2,177
80182105,1,3409,65,4,61
80165855,1,3409,60,4,126
70273637,1,3409,62,1,137
70176968,1,3409,60,2,114
80173605,1,3409,65,4,104
80165856,1,3409,62,2,96
70308135,1,3409,62,2,147
80093103,1,3044,64,4,163
80102305,1,3044,64,1,98
70176655,1,4086,60,6,87
80161848,2,3721,67,2,1
80209796,1,3721,66,1,94
80152434,1,3721,67,4,121
70309693,1,3356,63,3,92
80107737,1,3356,65,4,92
80152742,1,3356,65,4,83
80107370,1,3356,64,4,123
80095233,1,2991,64,5,96
70270362,1,4085,62,6,98
81074140,1,4085,67,2,116
80184676,1,4085,68,4,90
81024044,1,4085,68,2,111
60023618,1,4085,51,7,100
70113532,1,4085,58,6,123
70074299,1,4085,56,6,106
80995799,1,4085,68,1,100
17687959,1,3355,47,6,90
70100377,1,4084,57,6,104
80189630,1,4084,67,4,99
81010867,1,4084,61,2,105
81010865,1,4084,63,2,128
81010874,1,4084,64,4,91
80075018,1,4084,64,4,127
70260374,1,3719,61,3,89
80190180,1,3719,66,3,94
80150002,1,3354,66,4,57
80079265,1,2989,64,2,65
80238080,1,3718,67,7,90
296682,1,3718,23,9,86
60037606,1,3718,53,7,100
516154,1,3718,26,9,84
80170187,1,3718,67,2,58
80174137,1,3718,66,4,95
80038296,1,2622,64,4,58
80011848,1,2622,64,5,82
70100381,1,4082,57,7,100
70110919,1,4082,57,2,131
80221560,1,4082,67,7,104
80200961,1,4082,68,4,94
80214580,1,3717,66,4,92
80085013,1,4081,64,1,124
81077597,1,4081,59,4,106
80049193,1,4081,64,2,108
81010871,1,4081,60,2,103
81004270,1,4081,66,4,100
70051671,1,4108,55,6,108
80144408,2,4108,66,8,1
81038545,1,4108,68,2,88
81044496,1,4108,67,2,81
80235932,2,4108,68,4,1
80176592,1,3743,66,3,87
80170381,2,3743,64,8,1
80142103,1,3378,66,4,84
80152842,1,3378,65,4,90
80049928,2,3378,66,4,1
80131168,1,3378,64,1,95
80119190,1,3378,3,2,63
80119187,1,3378,4,1,58
80048568,2,3378,64,4,1
60027942,1,3378,1,10,18
80115857,1,3378,66,4,102
70281026,2,3378,61,4,1
80119193,1,3378,5,2,42
80119189,1,3378,2,1,76
80097423,1,3013,65,10,75
70259177,2,1917,65,4,1
80117458,1,3742,67,4,103
80143362,1,3742,67,4,78
80201200,1,3742,66,4,108
80183197,1,3742,67,4,62
80148210,1,3742,67,4,97
70128549,1,3742,58,3,102
70069233,1,3742,55,3,95
80018336,1,3377,63,5,92
80180509,1,3377,65,2,118
80145255,1,3377,65,3,91
70230147,1,4080,61,5,79
80105067,1,4080,65,7,92
81033429,1,4106,68,2,124
80188579,1,4106,68,4,102
80992232,2,4106,67,4,1
80145533,1,4106,65,3,98
80200571,1,4106,68,3,132
70129463,1,4106,59,3,89
80170767,1,4106,65,3,109
80134826,1,3375,66,4,63
81047902,1,4104,66,2,75
81047897,1,4104,57,2,126
80216988,1,3739,66,4,106
80213803,2,3739,67,2,1
80175623,1,3374,61,2,110
81002880,1,4103,68,1,61
80222896,1,3738,65,4,115
81038046,1,4102,67,2,126
80101096,1,3007,65,1,23
80202809,1,4101,67,2,108
80206758,1,3736,66,1,80
80162210,1,3371,66,4,91
80126485,1,3371,65,2,93
80082242,1,3371,66,4,93
70202151,1,4100,60,6,89
80999996,1,4100,66,4,100
80169617,1,3735,67,4,102
80144454,1,3735,65,4,99
80242378,1,3735,67,4,74
80171733,1,3735,67,4,100
80245408,1,3735,66,2,150
80044566,1,3370,63,3,108
80991158,1,4099,67,4,129
80169469,1,4099,68,4,108
80148239,1,4099,65,2,101
81010863,1,4098,63,2,105
80162503,1,4098,65,2,115
80150350,1,4098,65,4,118
80160692,1,4098,65,4,130
70060865,1,4098,55,1,101
80157890,1,4098,65,1,115
80164752,1,3733,66,3,90
80135149,1,3368,65,1,72
80171965,2,3368,66,4,1
80100945,1,3368,65,2,114
80195967,1,4097,67,7,99
81048554,1,4097,67,1,97
70105459,1,4079,57,4,116
80207444,1,4079,65,2,83
81033516,1,4079,67,4,118
81075235,1,4079,67,4,162
81072516,1,4079,67,4,162
70283202,1,4079,62,6,126
80156212,1,4079,65,3,109
70296742,1,4079,62,2,109
80095531,1,4079,64,4,111
80192139,1,3714,67,4,51
80192063,1,3714,67,4,69
80218656,1,3714,66,4,104
80095806,1,3349,64,4,103
80013550,1,3349,63,3,92
81037077,1,4096,68,4,61
81047798,1,4096,67,2,97
80189216,1,3731,66,3,103
80092781,1,3001,65,7,83
81019338,1,4095,67,3,101
80132964,1,3365,65,2,97
80117824,1,3365,65,4,118
80058460,1,3000,64,3,97
80076467,1,3000,65,4,62
80049951,1,3000,65,2,84
80031800,1,3000,65,1,90
80017171,1,4094,63,6,92
80108984,1,3364,66,2,92
80158577,1,3364,65,4,137
70175439,1,4093,60,6,123
80204923,1,3728,67,1,87
70307848,1,3363,63,3,97
70105599,1,3363,58,7,101
60029366,1,3363,41,7,143
80100260,1,3363,65,3,97
80017170,1,3363,63,3,107
70028197,1,2998,54,9,82
81013990,1,4092,67,2,108
80171678,1,4092,66,4,104
81074015,1,4092,67,2,98
81041273,1,4092,68,4,65
70108985,1,4092,58,7,88
81004374,1,4092,67,3,106
70045356,1,4092,55,5,69
70203594,1,4092,60,4,97
70253171,1,4092,61,4,80
70109657,1,4092,57,4,85
70020728,1,4092,53,3,99
81024308,1,4092,67,2,98
81031178,1,4092,67,2,115
70056425,1,4092,55,3,138
81050198,1,4092,66,2,90
81034771,1,4092,67,2,86
80239442,1,3727,66,2,127
80238299,1,3727,59,2,129
80201814,1,3727,58,1,120
80192244,1,3727,65,6,129
80235957,1,3727,59,2,137
80226021,1,3727,65,4,91
80147758,1,3727,65,4,103
80201608,1,3727,59,4,145
80241537,1,3727,65,8,23
80241616,1,3727,65,8,25
80239642,1,3727,65,2,92
70041893,1,3727,47,4,81
80238298,1,3727,59,4,115
80238400,1,3727,61,2,150
80239738,1,3727,59,2,106
80237300,1,3727,66,4,115
60021758,1,3362,50,3,168
70095265,1,3362,55,3,117
80117240,1,3362,65,5,80
80098842,1,3362,65,1,87
80156935,1,3362,50,2,160
80102080,1,3362,63,1,88
80092884,1,3362,63,4,85
81060041,1,4091,66,4,90
70090072,1,4091,56,2,117
80145621,1,4091,65,2,132
80100268,1,4091,65,4,127
80206696,1,4091,66,2,125
81010870,1,4091,66,4,128
80226234,1,3726,67,4,140
80081274,1,3361,64,4,104
80134967,1,3361,66,4,62
80192187,1,4090,68,3,126
80189653,1,3725,67,4,79
80135585,1,3725,67,12,104
80216664,1,3724,66,4,52
80017535,1,3724,66,4,90
80219917,1,3723,66,4,83
80174144,1,3723,66,3,97
80220677,1,3722,66,4,85
80229829,1,3722,66,4,69
80141173,1,3357,65,4,109
80134515,1,3357,64,2,103
80134521,1,3357,61,2,99
80097003,1,3357,66,4,102
80134516,1,3357,64,2,97
80134606,1,3357,59,4,99
80134518,1,3357,65,2,101
80134330,1,3357,63,2,102
80038298,1,3357,62,1,102
80134500,1,3357,64,4,107
80038353,1,3357,59,4,99
80038354,1,3357,60,1,106
80038439,1,3357,63,1,103
80038440,1,3357,53,4,123
80134604,1,3357,64,2,98
80134524,1,3357,55,4,118
80038355,1,3357,62,4,100
80038441,1,3357,62,2,101
80134433,1,3357,63,2,103
80134436,1,3357,64,2,101
80134514,1,3357,64,2,104
80134398,1,3357,65,2,104
80134520,1,3357,61,4,100
80134420,1,3357,64,2,136
80134501,1,3357,64,2,102
80134399,1,3357,63,4,105
80134438,1,3357,59,5,110
80134435,1,3357,62,2,105
80134519,1,3357,63,4,105
80134434,1,3357,61,2,102
80160357,1,3357,64,4,98
70299745,1,3357,62,1,118
80038527,1,3357,50,5,106
80038445,1,3357,53,5,106
81059183,1,4078,67,2,89
81024332,1,4078,67,1,97
80987464,1,4078,67,4,103
80156925,1,4078,64,10,88
60002907,1,4078,49,6,120
80207473,1,4078,67,4,90
80990534,1,4078,67,4,99
70111265,1,4078,58,6,83
70024098,1,4078,54,3,107
80071907,1,4078,63,3,109
70020730,1,4078,53,3,105
80057137,1,4078,63,10,87
81045720,1,4078,67,4,93
70236016,1,4078,61,10,90
81069249,1,4078,66,4,89
81083971,1,4078,67,2,131
80200047,1,4078,68,2,114
80156772,1,4078,65,1,92
81016361,1,4078,67,10,75
81055395,1,4078,67,4,107
70077556,1,4078,57,7,97
70100412,1,4078,57,3,90
60021299,1,4078,50,3,98
70129374,1,4078,59,3,100
80167647,1,4078,67,4,103
80184973,1,3713,65,4,101
70229921,1,3713,61,3,91
70021551,1,3713,53,2,153
80175151,1,3713,66,2,149
80232404,1,3713,67,4,94
60036746,1,3713,52,4,79
60036613,1,3713,51,4,137
80214584,1,3713,66,4,53
17671454,1,3713,47,2,166
60036617,1,3713,52,2,162
70294790,1,3713,62,4,93
70063017,1,3713,56,2,155
60003401,1,3713,49,2,158
80224605,1,3713,66,10,138
70021253,1,3713,48,1,151
70138498,1,3713,59,2,96
80188099,1,3713,66,3,106
70025303,1,3713,54,2,141
70048905,1,3713,55,8,127
80223227,1,3713,64,2,130
80223195,1,3713,62,4,140
80236906,1,3713,66,2,145
80238297,1,3713,64,2,132
80235958,1,3713,66,2,41
17969262,1,3713,42,2,170
80223317,1,3713,52,2,157
70012334,1,3713,53,1,165
80106947,1,3713,65,2,143
80082014,1,3713,65,3,106
70291094,1,3713,62,8,73
70250369,1,3713,61,8,71
80223230,1,3713,54,1,161
80059049,1,3713,46,2,187
60032008,1,3713,51,4,127
60037397,1,3713,49,2,165
80223228,1,3713,64,2,117
70001082,1,3713,53,2,134
80238291,1,3713,66,2,116
80158247,1,3713,65,2,94
60035875,1,3713,51,4,168
70244982,1,3713,61,2,109
70065769,1,3713,51,1,148
70099702,1,3713,57,2,135
80238637,1,3713,66,1,127
80188777,1,3713,66,2,115
80238293,1,3713,66,2,150
80132381,1,3713,66,4,87
80023851,1,3713,63,1,127
70019491,1,3713,53,1,185
70304187,1,3713,63,4,75
60001670,1,3713,48,1,177
80196367,1,3713,64,4,81
70134669,1,3713,59,1,137
80202728,1,3713,66,3,118
80238294,1,3713,64,4,124
80023853,1,3713,63,4,123
80244078,1,3713,66,4,90
80238292,1,3713,64,4,91
80238190,1,3713,65,2,87
70304188,1,3713,63,5,89
70304186,1,3713,63,5,81
70304189,1,3713,57,4,47
70143440,1,3713,53,4,46
20717860,1,3713,44,1,173
80201833,1,3713,66,3,108
80238295,1,3713,65,2,125
80223190,1,3713,64,4,124
70125935,1,3713,57,4,137
60021903,1,3713,50,2,171
70001564,1,3713,53,4,160
70175127,1,3348,59,10,87
80172471,1,3348,65,10,56
80144119,1,3348,64,,115
80165917,1,3348,65,5,94
70155788,1,3348,65,5,118
80103424,1,3348,65,4,98
70285730,1,3348,62,5,125
80172469,1,3348,65,1,113
80097530,1,2983,65,3,90
80092404,1,2983,65,5,93
80092850,1,2983,64,5,91
80093127,1,2983,64,5,100
80103734,1,3448,66,4,87
81061410,1,4177,68,4,90
60024935,1,4177,51,3,107
80168189,1,3812,67,4,100
80244709,1,3812,67,4,110
80194946,1,3812,67,4,66
80159025,1,3447,65,4,84
81025973,1,4176,67,4,74
80121387,1,4176,68,4,119
80227090,1,4176,68,2,114
81113918,1,4176,68,2,125
81029736,1,4176,68,7,71
81051688,1,4176,68,1,110
81113921,1,4176,67,4,127
80173387,1,4176,68,4,118
81013112,1,4176,67,4,90
70290904,1,3811,62,5,99
70294793,1,4175,62,3,94
81030855,1,4175,68,4,90
80079473,1,4175,65,3,98
80018328,1,4175,63,7,99
80996787,1,4175,68,3,133
81035881,1,4175,66,4,94
81035843,1,4175,65,4,116
81035837,1,4175,66,2,93
80039136,1,4175,23,11,103
81035884,1,4175,66,2,84
81035863,1,4175,61,2,90
81035858,1,4175,62,2,107
81035882,1,4175,67,2,89
81035859,1,4175,62,2,96
80223226,1,4174,65,2,130
81076055,1,4174,68,1,90
80996790,1,4174,67,7,86
70181716,1,4174,60,7,79
70270388,1,4174,62,4,93
80186608,1,3809,66,6,131
80042309,1,3444,63,4,107
80169554,1,3444,66,2,117
80114804,1,4173,64,4,12
80237423,1,4173,68,2,62
70117293,1,4173,58,3,94
80121841,1,3808,66,7,86
81093122,1,4199,68,4,122
70293788,1,4199,62,3,113
81039384,1,4199,68,2,141
70245034,1,3834,61,5,69
80220676,1,3834,66,4,92
80109341,1,3834,66,4,90
80144311,1,3442,65,4,89
80109145,1,3442,65,4,119
80117455,1,3442,65,4,88
80132626,1,3442,65,2,126
80106124,1,3077,65,4,60
81145270,1,4198,67,4,81
81128584,1,4198,68,4,176
80198478,1,3833,67,4,101
80191989,1,3833,67,4,77
80238434,1,3833,67,2,89
80217569,1,3833,67,3,98
80015210,1,2737,64,5,69
80134080,1,4197,65,3,119
81130373,1,4197,67,2,73
81091378,1,4197,66,4,87
81136964,1,4197,68,2,88
80233215,2,4197,68,4,1
80241779,1,3832,67,4,88
80091936,1,3467,66,4,121
81110498,1,4196,68,1,15
81060096,1,4196,68,4,55
80133553,1,3466,66,4,66
70236020,1,4195,61,2,122
81002747,1,4195,67,7,117
81075239,1,4195,67,4,95
80192018,1,3830,66,6,152
80200015,1,3830,67,4,66
80161640,1,3465,64,4,102
80108952,1,3465,65,3,108
80996192,1,4194,68,4,63
81090899,1,4194,67,4,73
81095399,1,4194,67,4,107
80038207,1,3829,63,2,103
80171598,1,3464,66,1,139
80160994,1,3828,67,4,95
80191356,1,3463,65,1,91
80191357,1,3463,66,1,90
80097641,1,3098,65,4,80
80097349,1,3098,65,4,97
80231602,1,3827,63,4,79
26009364,1,3827,48,9,89
80143794,1,3462,65,4,81
70026432,1,3462,54,9,72
80155477,1,3462,66,4,89
80038420,1,2731,64,5,92
81035849,1,4191,63,2,99
80195901,1,4191,68,5,96
80128245,1,3826,65,6,89
80993655,1,3826,67,4,119
80167644,1,3461,66,2,92
80027041,1,3461,66,3,81
81018067,1,4190,68,4,113
80220422,2,4190,68,4,1
81033473,1,4190,47,2,69
81035870,1,4190,61,4,99
60024788,1,4190,46,2,87
80166185,1,3460,65,1,161
81035877,1,4189,59,2,112
81131274,1,4189,68,4,116
81035876,1,4189,60,4,99
81035875,1,4189,59,4,101
81027187,1,4189,68,2,116
81035871,1,4189,60,2,83
80173234,1,3459,64,4,92
80151644,1,3459,66,8,24
80185223,1,3459,66,4,66
70038131,1,4171,54,7,93
81110386,1,4171,68,2,114
80108430,1,4171,65,3,110
70135893,1,3806,59,3,118
80121844,1,3441,65,3,130
80158750,1,3441,66,4,102
80216302,1,4188,68,4,110
81017094,1,4188,67,2,110
80241071,1,4188,67,4,99
80233611,1,3823,67,4,70
80160814,1,3458,63,4,100
80993404,1,4187,68,4,59
81001090,1,4187,67,3,126
81083891,1,4187,67,4,97
81136963,1,4187,66,2,89
80076698,1,3092,64,6,105
80038159,1,3456,64,3,122
80037691,1,4185,64,3,88
80998296,1,4185,67,4,91
80094358,1,3455,64,1,81
81123052,1,4184,68,2,113
81035887,1,4184,66,4,117
81113927,1,4184,67,2,90
70074315,1,3819,55,3,104
80991033,1,3819,67,4,121
80244547,1,3819,67,4,106
80184100,1,3819,67,2,106
80131280,1,3819,66,2,113
80991026,1,3819,66,4,119
80164206,1,3454,65,4,77
80187684,1,3454,66,1,104
80160726,1,3454,66,4,73
80104706,1,3454,64,2,102
80158770,1,3454,66,2,47
70302844,1,2358,63,9,78
80245601,1,4183,68,1,95
80242619,1,4183,68,6,98
70267830,1,3818,62,3,82
81035841,1,4182,65,2,102
81147766,1,4182,68,2,61
81035889,1,4182,67,4,93
81088277,1,4182,68,4,117
81035874,1,4182,59,2,108
81035883,1,4182,66,4,126
81035848,1,4182,60,2,93
80176756,1,3452,66,6,98
80168221,1,3452,66,4,102
70261178,1,3087,61,3,96
81002929,1,4181,68,4,60
80221016,1,4181,68,4,142
80222188,1,3816,66,2,95
80221640,1,4180,67,7,113
60001104,1,3449,40,5,112
80132601,1,3449,65,4,85
80176866,2,3449,66,2,1
80114989,1,3449,65,4,108
81092768,1,4170,63,4,125
81092766,1,4170,65,4,119
70060018,1,4170,57,6,109
70202141,1,4170,60,3,100
81032375,1,4170,67,4,98
352989,1,4170,25,3,98
81062606,1,4170,66,4,128
81092767,1,4170,64,4,105
81092909,1,4170,68,4,109
81070008,1,4170,68,2,83
70098605,1,4170,57,3,101
81077539,1,4170,67,2,78
20129240,1,4170,47,6,110
70108017,1,4170,58,6,116
70011219,1,4170,53,6,141
80097424,1,4170,65,6,120
80203143,1,4170,68,2,97
81068732,1,4170,68,2,109
60026155,1,4170,52,7,105
80994443,1,3805,66,2,126
80245442,1,3805,66,4,130
80190515,1,3805,66,4,99
80048218,1,3805,64,6,89
60033300,1,3805,53,7,136
70011206,1,3805,53,7,131
80998558,1,3805,65,2,165
80168167,1,3805,67,4,110
80245626,1,3805,64,4,85
80196584,1,3805,66,6,92
80157084,1,3440,42,2,154
80158580,1,3440,66,1,44
80108609,1,3440,66,1,104
80144804,1,3440,65,4,96
80106038,1,3440,65,4,108
60000901,1,3440,49,7,105
80158769,1,3440,66,2,47
80158579,1,3440,66,1,44
80158920,1,3440,64,4,109
80107736,1,3440,65,2,89
80148967,1,3440,66,4,92
70057994,1,3440,42,5,122
80156937,1,3440,44,2,154
80158546,1,3440,18,2,152
80156936,1,3440,47,2,161
80121843,1,3440,65,2,123
80158581,1,3440,66,1,44
60023237,1,3440,50,3,106
80093213,1,3075,64,4,93
80103623,1,3075,64,5,99
80032640,1,2709,63,5,143
81098589,1,4208,68,4,65
80221446,1,4208,67,7,131
80991107,2,3842,67,4,1
80048977,1,3112,64,5,100
70189282,1,4206,60,6,105
80119249,1,3476,66,2,105
80117747,1,3476,66,4,84
80004286,1,2745,62,10,60
81039323,1,4205,66,4,119
80192064,1,3840,67,2,66
80176715,1,3840,67,2,83
80168029,1,3840,67,2,110
80245121,1,3840,67,1,88
80177339,1,3475,65,12,109
80170277,1,3475,66,6,96
80097355,1,3110,65,4,96
70122316,1,3839,59,3,112
80099089,1,4203,65,6,107
70303706,1,3838,62,5,77
81039161,1,4230,67,1,90
80240537,1,4230,68,4,130
80997870,1,3865,27,4,88
60001377,1,3865,27,3,97
81151899,2,4229,68,2,1
81017011,1,4229,68,4,99
80999990,1,3864,57,2,92
80999991,1,3864,59,2,102
81000000,1,3864,60,4,93
80162192,1,3499,66,4,103
70074100,1,3837,55,3,91
70224969,1,3837,61,5,58
70261273,1,3837,61,4,69
70250364,1,3837,61,5,61
80198632,1,4228,68,4,107
70278933,1,3863,62,3,126
80093198,1,3133,65,4,112
81018141,1,3862,54,2,82
81015524,1,3862,61,2,86
70124965,1,3862,59,3,105
80999107,1,3862,24,4,101
80992365,1,3862,66,4,100
80195835,1,3497,66,1,93
80171022,1,3497,66,4,84
80192135,1,3861,67,4,57
80236421,1,3861,67,4,95
81092331,1,4225,67,4,94
80173485,1,4225,67,4,111
81028404,1,4225,68,2,100
80198508,1,4225,68,4,77
80228239,1,4225,64,10,57
80155932,1,4225,65,3,107
80994020,1,4225,68,4,93
80049094,1,3860,64,3,128
80049177,1,3860,64,6,99
80025495,1,3860,64,3,113
80023689,1,3860,64,3,108
70278930,1,3860,62,3,105
80038337,1,3860,64,3,109
80053475,1,3860,64,3,93
80999986,1,3860,56,2,82
80022605,1,3860,64,3,95
80029901,1,3860,64,3,84
80037478,1,3860,64,3,106
80007777,1,3859,59,4,122
80999987,1,3859,61,4,108
81000015,1,3859,58,2,94
80999982,1,3859,60,4,103
81005453,1,3859,67,2,124
80999989,1,3859,54,2,92
70218312,1,3859,56,5,88
80185321,1,3494,66,4,67
70298116,1,3129,63,2,87
80213658,1,3858,67,4,72
80232989,1,3858,67,4,93
80014857,1,3858,63,3,102
80145512,1,3493,64,6,110
80225024,1,4222,67,2,103
70108777,1,4221,58,3,153
70259259,1,4221,61,6,94
80017021,1,3856,63,3,125
70099615,1,3856,57,7,99
70034607,1,4220,54,1,149
70118801,1,4220,57,4,111
80213654,1,4220,67,4,58
80158802,1,4220,67,4,56
70117354,1,4220,57,4,110
81036524,1,4220,62,2,98
70025372,1,4220,53,2,106
70123160,1,4220,56,2,102
70299270,1,3855,63,3,89
80017280,1,3855,63,3,95
80155863,1,3490,65,4,110
80107087,1,3125,65,2,87
81035840,1,4219,66,2,93
80195962,1,3854,67,7,92
80186829,1,3854,67,7,133
80013547,1,3854,63,3,112
80115874,1,3489,65,2,84
80244472,1,3836,66,1,100
80190463,1,3836,67,1,88
80164164,1,3471,63,4,83
80997613,1,4218,68,4,81
81092325,1,4218,67,2,77
70053885,1,3853,55,5,85
70301275,1,3853,63,3,84
80073823,1,3853,64,3,118
70299859,1,3853,63,3,99
80027378,1,3853,63,3,109
70266679,1,3853,63,3,103
1005494,1,3853,4,1,94
80998968,1,4217,68,2,98
70272893,1,4217,62,3,97
80232891,1,3852,67,2,105
80180376,1,3852,67,2,101
80183329,1,3487,66,4,63
80192842,2,3487,66,4,1
80154884,1,3487,65,1,94
81113926,1,4216,67,2,136
80217130,1,3851,67,7,103
80167460,1,3486,66,4,116
80028208,1,2755,64,2,92
81155782,1,4215,67,1,161
81003981,1,4215,68,2,32
70042688,1,4215,55,6,107
70109429,1,4215,58,9,98
81011993,1,4215,67,2,83
81153373,1,4214,67,4,77
70262783,1,3849,61,3,86
70293661,1,3849,62,3,91
70266171,1,3849,34,5,95
80095718,1,3849,65,7,99
70257413,1,3849,61,6,90
80988262,1,3849,67,10,88
70295189,1,3849,62,3,85
80993684,1,3849,65,1,98
70257860,1,3849,61,3,94
70171835,1,3849,57,2,95
80993650,1,3849,66,4,108
80049979,1,3849,64,3,87
70267439,1,3849,62,3,95
70293812,1,3849,62,3,108
80113589,1,3484,66,4,104
70298393,1,3484,62,2,143
80191557,1,3484,63,2,116
80096585,1,3119,65,5,106
80106928,1,3119,64,5,100
80064459,1,3119,65,4,101
80102204,1,3119,65,4,117
80014996,1,2753,62,3,155
60003082,1,1658,6,10,120
80081277,1,3848,64,3,110
80149064,1,3483,66,1,14
80171659,1,3483,66,4,108
80097221,1,3118,64,3,114
70306646,1,2752,63,3,78
81011936,1,4212,67,4,133
80167481,1,3847,67,4,113
80214743,1,3847,67,4,71
70270773,1,3847,62,3,75
80991827,1,3847,67,4,75
70300666,1,3847,63,6,97
80044126,1,3482,63,4,59
80148179,1,3482,64,4,99
70301023,1,3482,63,4,74
80221109,1,4211,68,4,105
81145271,1,4211,68,4,79
81024041,1,4211,67,4,106
81044248,1,4211,68,4,90
80221677,1,4211,68,4,87
70084221,1,4211,57,3,95
80120200,2,3481,64,2,1
80180224,1,3845,66,4,83
70299904,1,2384,63,5,80
80171125,1,3479,65,11,103
80106989,1,3114,64,5,94
80044731,1,2748,64,4,92
60010069,1,4200,23,7,112
70084148,1,4200,57,3,97
70101345,1,4200,57,7,106
80238020,1,4200,68,4,66
70128697,1,4200,60,3,106
70044688,1,4200,55,6,110
60035622,1,4200,38,7,102
80117079,1,4200,65,3,105
70001958,1,4200,22,3,112
70066433,1,4200,56,6,96
70098899,1,4200,57,6,97
81121172,1,4200,67,10,113
81121173,1,4200,66,1,53
81121174,1,4200,66,1,54
81121175,1,4200,66,1,53
81121176,1,4200,66,10,54
81121177,1,4200,67,2,113
81121179,1,4200,66,1,53
81121180,1,4200,67,1,53
81121183,1,4200,66,1,52
81121184,1,4200,66,1,54
81121185,1,4200,66,1,54
81121186,1,4200,67,10,53
81121187,1,4200,66,1,53
70265211,1,4200,61,10,53
70109689,1,4200,58,7,91
855084,1,4200,42,6,126
70105369,1,4200,58,7,99
60029369,1,4200,37,3,134
80005738,1,4200,61,9,26
60000415,1,4200,49,3,117
70112731,1,4200,58,7,89
81130297,1,4200,68,4,94
60033320,1,4200,53,6,101
81060038,1,4200,67,2,94
60020745,1,4200,50,3,99
18907685,1,4200,25,3,114
81113468,1,4200,65,8,48
70114342,1,4200,59,3,118
70021661,1,4200,54,6,119
70084795,1,4200,57,6,104
60027701,1,4200,52,6,98
70021654,1,4200,55,7,93
70001777,1,4200,16,3,90
80182447,1,3835,66,2,128
70055855,1,3835,55,2,122
70295560,1,3835,62,4,60
80994575,1,3835,66,2,126
60036112,1,3835,52,1,166
80994424,1,3835,66,2,113
80997402,1,3835,67,2,88
80994423,1,3835,66,1,151
80236278,1,3835,62,2,107
80217136,1,3835,66,10,42
80115118,1,3835,67,4,94
80180851,1,3835,67,1,130
80236279,1,3835,59,1,87
80994573,1,3835,66,1,116
70057519,1,3835,55,4,77
80994425,1,3835,66,2,117
60029032,1,3835,52,3,84
81002211,1,3835,67,2,92
70062158,1,3835,56,1,130
80994419,1,3835,66,4,89
80994426,1,3835,66,1,109
80994574,1,3835,65,2,104
70125939,1,3835,58,2,114
80994420,1,3835,66,2,133
70205125,1,3835,56,1,101
70034610,1,3835,54,1,137
80992111,1,3835,64,4,88
80222256,1,3835,67,4,88
80206917,1,3835,66,1,115
80994421,1,3835,66,2,104
70098332,1,3835,57,6,114
80236280,1,3835,59,1,128
80994572,1,3835,66,2,125
80996349,1,3835,66,1,102
80993648,1,3835,67,4,94
70306701,1,3470,63,1,89
80178940,1,3470,61,1,97
80158301,2,3470,65,2,1
70290905,1,3470,60,7,95
80167699,1,3470,65,1,106
80158390,1,3470,15,1,116
80184770,1,3470,66,4,91
80191358,1,3470,66,1,90
80190946,1,3470,67,4,86
80107948,1,3470,65,4,97
80094964,1,3470,64,1,170
80158481,1,3470,20,1,153
70299811,1,3470,62,4,104
70229498,1,3470,61,2,162
20257393,1,3470,12,1,163
80093106,1,3470,65,2,106
80171528,1,3470,65,4,108
80187467,1,3470,62,4,130
80187323,1,3470,64,2,133
80157132,1,3470,43,2,148
80093104,1,3470,65,1,105
80106979,1,3105,65,4,87
80053140,1,3105,64,5,81
80105672,1,3105,64,5,96
80114700,1,3105,55,1,52
80106139,1,3105,63,5,114
80108386,1,3105,64,5,105
80085300,1,3105,64,5,157
81214114,1,4392,69,4,97
80198623,1,4027,67,2,91
81062853,1,4027,67,2,117
80220814,1,4027,67,6,135
81046962,1,4027,67,6,135
80150242,1,4027,65,3,91
80213403,1,3662,66,1,63
80233024,1,3662,66,2,135
1193180,1,4026,47,3,95
70251894,1,3661,62,3,112
80077923,1,2930,65,4,74
80173542,1,4390,66,3,92
80233408,1,4390,69,4,102
70142888,1,4390,59,6,103
81048548,1,4025,67,2,95
81045052,1,4025,67,1,82
80079428,1,3295,64,4,94
80096786,1,3295,65,6,84
80200744,1,3659,65,2,88
80097725,1,3294,66,2,98
70295415,1,3294,62,12,22
80125627,1,3294,65,2,141
81037970,1,4023,65,1,124
81037986,1,4023,65,2,86
81037985,1,4023,64,2,115
80153895,1,4023,66,4,99
70026431,1,4023,48,2,101
80020885,1,4023,62,4,142
80002667,1,3658,65,6,97
80174974,2,3658,67,4,1
80213400,1,3658,64,2,83
80148595,1,3293,65,5,95
70301484,1,3293,63,4,117
80038358,1,3293,65,4,100
80998427,1,4022,67,2,102
81030789,1,4022,67,1,95
80134893,1,3292,65,7,75
81047683,1,4049,67,2,92
81049950,1,4049,67,2,110
80188596,1,4049,66,4,120
70307659,1,4049,63,7,123
80224476,1,3684,66,1,96
80133549,1,3319,66,4,78
80081958,1,3319,64,5,87
70113347,1,4048,57,1,141
80097389,1,4048,65,3,97
80221639,1,4048,67,7,118
70099120,1,4048,57,7,95
81024718,1,4048,59,2,127
21028726,1,3683,47,10,69
80019930,1,3683,63,8,74
81006825,1,4386,69,2,90
81213891,1,4386,51,4,156
498716,1,4386,35,6,103
80220085,1,4021,67,3,120
80244855,1,4021,67,7,96
80134966,1,3291,66,4,69
80220813,1,4047,67,6,118
81048561,1,4047,66,2,74
81026705,1,4047,67,4,137
80122209,1,4047,67,4,86
80109193,1,3682,66,2,108
80117940,1,3317,65,2,99
81047898,1,4046,61,2,125
81057249,1,4046,67,2,114
81047900,1,4046,65,2,143
81047899,1,4046,64,2,121
81047901,1,4046,66,2,119
70261978,2,2950,60,1,1
80099016,1,3315,66,4,91
60024962,1,4044,51,3,108
81031181,1,4044,67,4,150
80107084,1,3679,67,4,102
80196589,1,3679,67,4,61
80125818,1,3679,63,7,85
80192138,1,3679,67,4,49
80239629,1,4043,67,4,88
80180171,2,4043,68,4,1
81023638,1,4043,67,4,105
80190283,1,3678,66,3,87
80148920,1,3313,65,4,102
80233925,1,4042,67,7,97
81021098,1,4042,67,4,96
80194737,1,3677,66,4,85
80192062,1,3677,67,4,59
80193614,1,3677,66,6,97
80117453,1,3312,66,4,67
70296733,1,2216,63,1,93
81026192,2,4041,66,4,1
70109891,1,4041,58,7,91
80003479,1,3676,63,3,104
80163053,1,3676,65,6,77
80208684,1,3676,67,4,63
80124680,1,3311,66,4,57
80214777,1,3675,66,3,86
80079427,1,2944,65,4,92
81026986,2,4039,67,2,1
80149575,1,3308,65,5,78
80144448,1,3308,65,5,130
80100936,1,3308,66,4,80
80192420,1,4385,66,1,129
771476,1,4020,24,7,92
80198056,1,3655,66,2,86
80045818,1,4037,43,1,49
80195429,1,3672,67,1,62
80158485,1,3672,67,2,108
80198661,1,3672,67,4,95
80119375,1,3307,65,3,90
70271454,1,4401,62,3,91
80134721,1,4036,68,2,96
81038976,1,4036,67,1,96
80988257,1,4036,68,4,90
81023713,1,4036,67,4,97
80174219,1,3671,66,4,99
80133139,1,3306,65,2,93
80191988,1,3670,67,4,62
80180373,2,3670,66,2,1
80117452,1,3305,66,4,66
80152003,1,3305,66,3,93
70268449,1,2209,62,4,105
81147285,1,4399,68,4,78
70120142,1,4399,59,3,109
70142824,1,4399,60,7,95
81235729,1,4399,68,4,86
80057599,1,4399,64,3,132
81093113,1,4399,68,2,107
80049358,1,4399,64,3,122
70141971,1,4034,59,6,94
70114021,1,3669,58,3,106
70275751,1,3669,62,3,117
70098902,1,3304,57,6,119
80118718,1,3304,65,4,90
60022265,1,4398,51,7,88
81026003,1,4398,67,2,95
80997602,1,4398,68,4,108
80169611,1,4398,66,3,99
81144867,1,4398,68,3,95
81127333,1,4398,68,4,103
60000878,1,4398,49,6,89
81047445,1,4033,65,2,88
81045085,1,4033,66,2,118
81050190,1,4033,68,1,86
81045065,1,4033,67,2,127
80028965,2,4033,65,2,1
81050191,1,4033,67,2,88
80202078,1,4033,66,2,125
81047446,1,4033,67,2,116
81000511,1,4033,67,4,102
80218104,1,4033,68,4,65
81044856,1,4033,65,4,106
81044857,1,4033,66,4,117
80154682,1,3668,65,7,94
80158543,1,3668,29,1,147
80223136,1,3668,66,4,89
80189955,1,3668,66,4,89
80116307,1,3668,65,5,111
80228321,1,3668,64,2,118
80156940,1,3668,35,1,153
80222177,1,3668,66,8,87
80224233,1,3668,66,4,122
80168300,1,3668,66,2,97
80228282,1,3668,66,4,121
70114977,1,3303,57,5,105
80105342,1,3303,64,1,83
70285683,1,3303,62,2,84
80141338,1,3303,63,5,98
80015154,1,3303,63,4,91
80106440,1,3303,65,4,89
80128690,1,3303,64,5,90
80141337,1,3303,63,5,123
70118799,1,2937,57,3,107
70137753,1,2937,59,3,108
81060049,1,4397,69,4,66
70244163,1,4397,61,3,137
81221851,1,4397,68,4,132
70298946,1,3302,63,3,117
80144144,1,3302,65,2,100
80106504,1,3302,65,5,91
80141335,1,3302,65,5,87
80115030,1,4396,65,3,131
70291114,1,4031,63,3,93
81044299,1,4031,67,2,136
70113534,1,4031,59,3,116
80113667,1,3301,65,11,146
80096955,1,3301,66,4,104
81173792,1,4395,67,2,56
81113919,1,4395,68,4,128
70065107,1,4030,56,6,121
80990532,1,4030,67,3,89
80108149,1,3665,66,4,124
70120182,1,3665,58,2,68
80173395,1,3665,67,2,94
80187307,1,3665,67,4,71
80098203,1,3300,65,7,85
80081960,1,3300,64,4,109
81221873,1,4394,55,7,88
81036539,1,4029,66,2,104
80245041,1,4029,67,4,91
80202273,1,4029,68,4,99
80170870,1,3664,66,4,76
81183491,2,4393,69,4,1
70253597,1,4393,63,3,119
70199239,1,4393,60,3,85
80099306,1,4393,65,3,86
484369,1,4393,30,4,85
80109128,1,3663,66,6,89
80187188,1,3663,66,2,92
80117811,1,3298,66,2,74
70084788,1,4384,57,6,123
60036237,1,4384,53,7,95
80014637,1,4384,63,8,45
60000407,1,4384,48,3,122
70202138,1,4384,60,7,98
81035731,1,4384,67,1,106
1181488,1,4384,46,6,139
70308046,1,4384,63,4,87
80108158,1,4384,63,2,105
60024942,1,4384,51,6,142
60000891,1,4384,49,6,116
70021648,1,4384,54,7,115
1151188,1,4384,46,3,113
374651,1,4384,17,9,146
70124183,1,4384,58,3,96
60026106,1,4384,51,3,130
70041162,1,4384,55,6,108
70082268,1,4384,57,6,85
70019004,1,4384,54,6,137
70128701,1,4384,59,6,115
1151721,1,4384,46,3,127
60029363,1,4384,45,6,103
80032636,1,4384,64,6,97
60002003,1,4384,49,7,84
1179574,1,4384,46,3,96
81103093,1,4384,68,2,80
60000393,1,4384,49,3,98
60026114,1,4384,52,3,90
70042687,1,4384,55,3,93
523650,1,4384,42,7,112
70104894,1,4384,58,3,97
70100448,1,4384,57,8,79
70118155,1,4384,58,9,78
70044594,1,4384,56,6,110
81088083,1,4384,69,4,145
11819467,1,4384,47,6,139
70065096,1,4384,56,7,116
70000091,1,4384,53,3,88
70019506,1,4384,54,6,118
70150473,1,4384,59,3,97
70131314,1,4384,59,6,148
70284281,1,4384,62,6,122
81084305,1,4384,64,4,71
60021788,1,4384,50,9,83
70112732,1,4384,58,6,123
60021790,1,4384,50,6,118
60031236,1,4384,52,3,111
60032563,1,4384,53,3,137
673843,1,4384,45,6,114
1180086,1,4384,46,3,116
281550,1,4384,36,6,109
70125232,1,4384,59,7,97
60000440,1,4384,48,3,189
81217437,1,4384,32,4,155
60000480,1,4384,48,6,112
70021634,1,4384,54,6,101
70112500,1,4384,58,3,97
786137,1,4384,40,6,102
60034568,1,4384,53,7,91
70050507,1,4384,55,3,119
70125581,1,4384,56,3,86
846071,1,4384,41,3,117
81140307,1,4384,66,2,102
70128695,1,4384,59,3,97
80095807,1,4384,64,4,88
70121008,1,4384,58,3,97
60000870,1,4384,49,3,88
70260512,1,4384,61,4,90
80135276,1,4384,65,4,83
60035996,1,4384,42,3,107
60000409,1,4384,49,7,89
60022396,1,4384,41,7,95
28631029,1,4384,48,7,85
60022058,1,4384,51,7,78
70077544,1,4384,56,3,116
60023856,1,4384,40,7,88
60029154,1,4384,52,3,109
70103524,1,4384,58,6,115
70021631,1,4384,54,3,89
404067,1,4384,45,3,101
70020296,1,4384,41,3,112
70021652,1,4384,54,6,104
70061763,1,4384,56,3,95
70113006,1,4384,58,3,82
70105370,1,4384,58,6,99
60004484,1,4384,52,6,201
60004483,1,4384,51,6,179
5670479,1,4384,47,6,138
60001807,1,4384,37,6,85
793907,1,4384,33,7,138
60001854,1,4384,49,3,111
20159719,1,4384,46,3,124
60024914,1,4384,51,6,116
60000209,1,4384,48,3,139
60033108,1,4384,39,6,96
60021377,1,4384,50,7,104
60033107,1,4384,53,6,101
80066084,1,4384,64,6,99
1067876,1,4384,18,9,128
70117902,1,4384,58,3,110
60001396,1,4384,49,6,130
22007250,1,4384,48,6,106
60020949,1,4384,20,9,100
60011597,1,4384,43,6,191
70100379,1,4384,57,6,104
70209245,1,4019,61,4,110
70045863,1,4019,56,6,133
70045866,1,4019,55,3,143
80999981,1,4019,64,2,111
60022056,1,4019,50,3,144
80016588,1,4019,64,3,121
70011207,1,4019,53,7,99
60027689,1,4019,52,7,93
80239710,1,4019,67,3,100
80108616,1,4019,65,3,102
70084799,1,4019,57,6,123
60010487,1,4019,38,6,127
60011649,1,4019,30,7,116
60010488,1,4019,33,7,119
60004476,1,4019,50,3,105
70299748,1,4019,63,3,134
80214621,1,4019,66,4,90
80245709,1,4019,66,3,93
70117299,1,4019,59,3,93
16944044,1,4019,47,3,108
81045060,1,4019,67,4,115
60031284,1,4019,52,6,119
70256512,1,4019,61,4,61
70058019,1,4019,56,3,109
81046846,1,4019,66,8,97
880640,1,4019,43,3,154
81052279,1,4019,66,4,120
81052277,1,4019,66,2,148
60026139,1,4019,52,3,121
70101375,1,4019,57,6,95
408911,1,4019,43,3,102
80195885,1,4019,65,5,87
70307648,1,4019,63,3,114
70174741,1,4019,59,4,48
60023619,1,4019,51,6,124
70023960,1,4019,54,6,101
80201623,1,3654,62,1,126
80202086,1,3654,59,2,133
80201626,1,3654,55,2,91
80195653,1,3654,66,10,104
80084756,1,3654,61,5,105
70117122,1,3654,53,1,123
80197427,1,3654,66,1,89
80084454,1,3654,63,5,102
80208908,1,3654,65,4,102
80167491,1,3654,66,4,91
80206907,1,3654,66,4,87
80202905,1,3654,61,2,103
60035870,1,3654,43,5,193
80074065,1,3654,48,10,176
80201809,1,3654,59,2,124
80228146,1,3654,66,4,135
70169918,1,3654,60,9,106
80201810,1,3654,54,2,133
80221637,1,3654,66,1,107
80197301,1,3654,66,4,78
19207412,1,3654,38,1,192
80217436,1,3654,66,1,55
80201618,1,3654,37,1,132
70128225,1,3654,58,2,148
80020131,1,3654,61,8,46
70286028,1,3654,62,8,46
80020036,1,3654,60,8,46
70301472,1,3654,63,8,74
70286029,1,3654,62,8,46
80138615,1,3654,65,4,114
70297799,1,3654,62,5,117
80131236,1,3654,65,4,108
80184547,1,3654,66,4,97
70116578,1,3654,57,2,122
80202908,1,3654,60,2,115
80184135,1,3654,66,4,104
80139199,1,3654,65,4,140
80208830,1,3654,65,4,101
80201813,1,3654,58,2,99
80155790,1,3654,65,4,102
1065372,1,3654,45,3,94
80159566,1,3654,66,4,92
80201815,1,3654,62,2,125
70114043,1,3654,55,1,151
80154688,1,3289,65,4,97
70060010,1,3289,56,7,92
80011026,1,3289,60,2,92
80117742,1,3289,65,4,85
80147318,1,3289,64,1,83
80152741,1,3289,65,4,118
80097375,1,3289,65,4,84
80118002,1,3289,65,4,146
80092837,1,2923,63,8,55
70242899,1,2923,62,12,24
70053412,1,1,55,5,81
80131616,1,4058,67,7,111
80174367,1,3693,67,2,96
80217312,1,3693,67,4,95
80117531,1,3693,67,2,97
80153131,1,4057,65,3,93
80991400,1,4057,68,4,91
81059388,1,4057,67,7,118
80231156,1,4057,68,1,63
80191045,1,4057,68,4,74
81029383,1,4057,67,4,136
80178280,1,3692,66,3,94
80119555,1,3327,64,7,91
80158270,1,3327,63,5,79
70302836,1,3327,62,7,93
81034763,1,4056,67,2,90
80151370,1,3326,66,4,54
81010962,1,4055,67,4,132
80094258,1,4055,65,6,101
80201570,1,3690,66,4,84
80225034,1,3690,66,7,91
80044834,1,2959,64,3,94
80216779,1,4054,68,4,59
80201497,1,3689,66,4,97
80134431,1,3689,67,4,102
80198745,1,3689,66,4,93
80038446,1,3324,64,3,109
80059410,1,2958,65,4,68
70252885,1,3688,61,3,105
80157760,1,3323,65,3,93
80065220,1,2957,64,5,72
80124726,1,3322,66,4,78
70301279,1,3322,63,4,86
81002591,1,4077,67,1,66
80123777,1,4077,65,4,106
80109296,1,4077,67,4,125
81017530,1,4077,65,4,77
80190130,1,3712,66,4,87
80226357,1,3712,66,4,110
80061160,1,3347,64,4,110
80133550,1,3347,66,4,71
80103313,1,3347,65,4,108
80092925,1,4076,64,2,130
80094723,1,4076,64,2,119
81010869,1,4076,63,10,110
80188883,1,4076,66,2,120
81045072,1,4076,67,2,102
81010873,1,4076,62,2,125
81010864,1,4076,62,2,103
81010866,1,4076,62,1,127
80175332,1,4076,66,2,121
81047510,1,4076,67,1,101
80011541,1,4076,63,1,113
80065327,1,4076,64,2,118
81010872,1,4076,61,2,132
70123648,1,4076,57,1,106
70127628,1,4076,58,1,116
80050106,1,4076,64,1,117
80134779,1,3711,67,4,67
80159955,1,3346,65,4,123
80013282,1,2615,64,4,83
70167133,1,4075,60,3,90
70039645,1,4075,55,4,61
80214583,1,3710,66,4,92
80213299,1,3710,66,4,96
80214579,1,3710,65,4,92
80119235,1,3345,64,5,97
80039717,1,2979,65,2,101
70278931,1,4074,62,3,90
70305955,1,4074,63,7,107
81051693,1,4074,67,2,80
80109295,1,3709,66,4,105
80071048,1,3344,64,4,99
80002073,1,4073,62,5,58
80021983,1,4073,63,5,58
80002074,1,4073,62,5,56
80100937,1,3343,66,4,97
80023667,1,2977,64,7,74
80191608,1,4072,67,4,110
80119233,1,3707,67,4,127
80100261,1,3342,65,4,100
80992973,1,4071,65,4,70
81026327,1,4071,68,4,117
80224060,1,4071,68,4,89
81027190,1,4071,68,4,84
81071868,1,4071,67,2,131
80013712,1,4071,63,3,91
70292939,1,4071,62,6,103
80057509,1,4071,65,3,100
70202577,2,3341,39,2,1
80118004,1,3341,65,1,75
80003151,1,3341,62,1,54
80003152,1,3341,62,1,54
80012477,1,3341,63,1,55
80003153,1,3341,62,1,54
70296573,1,3341,62,1,55
80236133,1,4070,67,4,139
81069254,1,4070,67,4,103
80223050,1,3705,66,4,109
70251896,1,3705,61,6,150
80198735,1,3705,66,2,100
80134969,1,3340,66,2,67
70166234,1,1513,60,7,76
60031404,1,4069,50,1,42
81031652,1,4069,66,4,79
80217121,1,3704,66,6,93
80117596,1,3339,65,4,129
81060040,1,4051,67,4,84
81005266,1,4051,67,4,91
81063743,1,4051,66,2,93
80219974,1,4051,67,3,91
80177414,1,3686,66,4,116
80226233,1,3686,66,2,102
80098490,1,3321,65,3,94
81024494,1,4068,67,4,90
70176656,1,4068,60,7,88
80214581,1,3703,66,2,87
80223731,1,3703,66,2,134
80211728,1,3703,66,4,118
80121386,1,3338,65,4,105
80158772,1,3338,65,9,78
80152627,1,3338,65,9,99
80149259,1,3337,65,4,96
70307570,1,2971,61,8,44
80081337,1,2971,61,12,43
81057246,1,4066,67,2,96
80209153,1,3701,66,3,85
80222025,2,3701,62,2,1
80161850,1,3336,63,5,95
80107808,1,3336,65,4,87
80123910,1,3336,65,2,134
80103428,1,3336,65,5,119
80113673,1,3336,65,2,128
80013271,1,4065,64,3,114
80989337,1,4065,66,3,89
80191555,1,3700,67,4,60
80184625,1,3700,67,4,96
70100084,1,3335,57,3,128
80106438,1,3335,65,4,91
70295085,1,2239,62,7,72
80159877,1,4064,65,3,103
81043345,1,4064,66,2,127
80208091,1,4064,66,4,113
81052266,1,4064,67,4,111
81067757,1,4064,66,2,112
80095232,1,4064,61,4,103
81067758,1,4064,66,4,104
70002291,1,4064,53,2,102
81050193,1,4064,67,2,86
81067759,1,4064,61,2,97
80045203,2,4064,64,2,1
81043346,1,4064,66,2,111
81045069,1,4064,67,2,132
80216820,1,4064,67,2,89
81026667,1,4064,67,4,102
70056686,1,4064,55,2,120
81067761,1,4064,51,2,137
80992672,1,4064,67,4,82
81050194,1,4064,66,4,85
70109378,1,4064,57,2,115
81043343,1,4064,65,1,107
80988834,1,4064,67,4,130
80144372,1,3699,65,5,133
80201612,1,3699,64,2,118
80202087,1,3699,60,2,150
80201816,1,3699,55,2,132
80201605,1,3699,60,2,121
80201609,1,3699,62,2,127
70116577,1,3699,56,1,152
70121660,1,3699,54,2,126
70120167,1,3699,58,3,104
80201622,1,3699,61,1,162
80201817,1,3699,58,2,120
80082749,1,3334,64,5,109
80065214,1,3334,64,2,79
80152155,1,3334,65,4,88
80167461,1,3334,65,5,92
80157565,1,3334,64,5,88
81071972,1,4063,66,4,57
80244853,1,4063,68,4,62
80167498,1,3698,67,4,65
80227304,1,3698,67,2,133
80081987,1,3333,66,4,71
80134968,1,3333,66,4,64
80134887,1,3333,65,4,83
80046696,1,2967,64,3,95
70118368,1,4062,58,3,112
81012294,1,4061,64,4,102
80013293,1,3331,63,3,124
80241304,1,4060,67,3,93
80147513,1,3330,65,5,123
80103818,1,3329,65,4,97
80174429,2,3329,63,4,1
60022998,1,4050,51,6,101
60003378,1,4050,49,3,110
70132722,1,4050,59,7,82
81045891,1,4050,67,4,100
81059656,1,4050,65,2,52
80080618,1,4050,64,4,127
80994282,1,4050,66,4,86
80220013,1,4050,66,1,107
80065492,1,4050,63,8,22
81050118,2,4050,67,13,1
81048914,1,4050,67,12,22
80220228,1,4050,67,4,91
70101697,1,4050,58,3,99
80106984,1,4050,65,3,105
80104316,1,4050,65,3,105
80208661,1,4050,67,2,88
81063480,1,4050,67,2,128
80199689,1,4050,68,3,113
81059649,1,4050,65,2,50
80205451,1,3685,66,4,81
70045919,1,3685,54,6,93
80141928,1,3685,65,7,97
80198055,1,3685,65,6,94
80195654,1,3685,66,1,110
80170992,1,3685,66,4,88
80163352,1,3685,65,5,143
80217040,1,3685,65,10,42
80172958,1,3685,66,4,117
80171291,1,3685,65,3,96
80234290,2,3685,66,1,1
80005332,2,3320,63,2,1
80060060,1,3320,64,2,116
80091866,1,3320,64,2,154
80017528,1,3320,63,2,179
80095530,1,3320,64,5,93
80093105,1,3320,65,4,97
80127604,1,3320,65,4,99
80156767,1,3320,65,4,104
80159668,1,3320,65,4,94
80152745,1,3320,65,6,111
80167843,1,3320,65,5,108
70306702,1,3320,63,10,92
81004748,1,4361,68,1,29
80174959,1,4361,66,3,92
80225595,1,3996,67,4,85
80160347,1,3266,64,10,38
80098200,1,3266,65,2,108
80081410,1,2900,64,4,74
70117322,1,4360,59,3,93
81157385,1,4360,68,4,172
81033201,1,3995,57,2,75
70253594,1,3995,62,3,90
70266069,1,3995,60,4,105
70035037,1,3995,52,2,124
81016342,1,3995,51,3,110
70152959,1,3630,60,4,102
70144331,1,3630,59,2,102
80178974,1,3630,66,4,89
80157086,1,3630,35,4,162
70089214,1,3630,57,1,147
60020906,1,3630,50,7,224
60002808,1,3630,49,1,137
70129396,1,3630,59,2,109
80156938,1,3630,40,2,163
70087087,1,3630,56,7,162
80156405,1,3630,65,4,104
80103392,1,3265,65,4,90
80098288,1,3265,65,5,97
70103762,1,4359,58,7,108
80223271,1,4359,68,6,97
81016408,1,3994,67,2,96
80201490,1,3994,67,6,110
80993105,1,3994,67,6,105
80195198,2,3994,67,4,1
81003741,1,3994,67,4,98
81172740,1,4358,66,2,108
80223779,1,4358,68,3,137
81068687,1,4358,66,2,106
81172758,1,4358,66,4,115
70120340,1,4358,60,3,120
80126997,1,4358,65,4,92
81172868,1,4358,66,2,93
81002594,1,3993,59,1,111
80185876,1,3628,66,10,27
80117746,1,3263,65,4,81
80142615,1,3263,65,1,70
80115673,1,3263,65,4,62
80105691,1,3263,65,4,104
80244190,1,3992,67,4,116
80187435,1,3627,66,4,67
80104103,1,3262,65,4,97
80004478,1,2531,63,5,81
81188871,1,4356,68,4,109
80211590,1,3991,67,7,106
80988989,1,3991,66,2,109
80117080,1,3261,65,4,99
80042368,1,2895,64,2,57
70211474,1,4383,60,2,164
81213876,1,4383,66,2,99
70056728,1,4383,55,2,122
81161834,1,4383,68,4,85
247747,1,4383,26,2,172
70064205,1,4383,56,2,134
80083672,1,4383,58,2,95
60003405,1,4383,21,1,125
70053010,1,4383,31,2,121
70062701,1,4383,55,2,151
81213889,1,4383,52,4,114
70005055,1,4383,22,2,168
60029461,1,4383,51,2,132
81213893,1,4383,49,2,132
372195,1,4383,37,3,87
20255593,1,4383,24,1,127
70059328,1,4383,55,2,97
81213888,1,4383,56,2,128
60024927,1,4383,51,6,133
20255837,1,4383,27,2,158
70006866,1,4383,51,2,151
20077944,1,4383,39,2,163
20705133,1,4383,46,4,161
21028086,1,4383,28,1,137
22040803,1,4383,44,6,130
70054380,1,4383,55,2,148
60020236,1,4383,50,6,124
20765027,1,4383,25,2,156
81109078,1,4383,68,4,89
81213885,1,4383,55,2,163
70129075,1,4383,58,2,132
70295531,1,4383,62,4,125
17457622,1,4383,46,2,133
20712279,1,4383,30,2,173
70051840,1,4383,31,1,140
81213895,1,4383,29,1,120
24073896,1,4383,21,2,115
81221913,1,4383,66,4,126
70040912,1,4383,54,2,137
81213979,1,4383,32,2,138
70018445,1,4383,53,1,158
81213897,1,4383,31,2,171
81213882,1,4383,66,2,96
81213896,1,4383,23,1,104
60003097,1,4383,34,2,178
81213887,1,4383,54,2,154
896678,1,4383,33,6,114
81217436,1,4383,59,2,136
81221914,1,4383,31,2,118
70072558,1,4383,32,2,137
60002818,1,4383,13,2,228
20257617,1,4383,31,2,153
70059284,1,4383,39,4,168
60001404,1,4383,26,1,123
81213879,1,4383,67,4,121
81213898,1,4383,28,2,161
28371873,1,4383,48,6,128
17016471,1,4383,46,6,119
70065255,1,4383,56,4,130
60021548,1,4383,34,2,134
81217438,1,4383,66,2,105
81213873,1,4383,67,2,130
81213874,1,4383,67,2,113
81213884,1,4383,63,4,131
81045989,1,4018,40,4,28
70059483,1,4018,41,4,61
80108207,1,4018,42,4,56
70043231,1,4018,38,5,81
60004393,1,4018,36,4,50
70026468,1,4018,40,4,49
81031650,1,4018,67,4,72
81006261,1,4018,67,2,100
81045509,1,4018,39,2,30
70298389,1,4018,60,4,146
81045530,1,4018,57,4,127
81045511,1,4018,61,4,46
70266169,1,4018,60,2,57
80210716,1,3653,66,4,86
80230402,2,3653,66,4,1
80230465,1,3653,63,2,93
80168234,1,3653,66,3,82
80221778,2,3653,60,13,1
80184972,1,3653,66,4,100
80208212,1,3653,59,2,53
80218432,1,3653,66,10,87
80115134,1,3288,65,4,93
80098284,1,3288,65,4,97
80087891,1,4017,64,3,90
80022613,1,4017,65,3,86
80163263,1,3652,65,3,102
81078397,1,4355,68,4,46
80221271,1,4355,68,4,56
80103374,1,4355,65,3,98
81167490,1,4355,68,2,108
81012943,1,3990,67,4,88
80044536,1,3260,64,5,96
70301620,1,3260,61,5,84
70213471,1,4381,61,3,116
70132228,1,3651,59,3,112
80194671,1,3651,66,2,105
70253398,1,2190,62,10,130
80185375,1,4015,67,4,122
80097519,1,4015,66,4,97
81024730,1,4015,61,2,109
80151663,1,4015,65,3,122
80244708,1,4015,67,4,96
80082739,1,2919,64,5,101
81228864,1,4379,62,4,102
81094074,1,4379,67,2,73
81044813,1,4379,68,7,86
81029400,1,4014,67,2,91
80141781,1,3649,66,2,106
70253590,1,3649,61,3,89
81150338,1,4378,68,4,79
80013773,1,4013,63,6,110
80098103,1,4013,65,6,115
80211991,2,4013,67,4,1
80182473,1,3648,66,3,91
80214478,1,3648,66,4,61
80182034,1,3648,66,1,94
80083594,1,2917,64,4,29
81164603,1,4377,68,3,97
81000505,1,4377,66,1,91
81045499,1,4377,68,6,96
81164636,1,4377,68,3,103
81037697,1,4377,66,3,95
80208235,1,4377,68,6,83
80219127,1,4012,67,6,150
80052828,1,4012,64,3,90
80244123,1,4376,68,2,117
81104634,1,4376,68,1,70
80171023,1,4010,66,3,89
80107989,2,4010,67,1,1
80168161,1,3645,66,4,80
80158649,2,3645,66,2,1
80134885,1,3280,65,4,93
80136548,1,3280,65,4,62
80097363,1,3280,65,6,98
81014479,1,4374,68,3,90
80989338,1,4009,67,3,93
80131551,1,4009,65,6,105
80119234,1,3644,66,4,118
80229953,1,3644,53,1,141
81108479,1,4373,68,10,86
81172830,1,4373,66,2,86
80999643,1,4008,67,4,105
80196789,1,4008,67,3,124
81020973,1,4008,67,4,44
81019341,1,4008,67,2,91
80223098,1,3643,66,4,94
80132411,1,3278,65,1,92
81172911,1,4372,63,2,113
81172897,1,4372,64,2,141
80174451,1,4372,68,6,126
81001097,1,4007,67,2,95
70270949,1,4007,60,3,78
81008536,1,4007,67,1,22
81036532,1,4007,61,4,95
81036535,1,4007,64,4,82
81036533,1,4007,63,4,89
80232740,1,3642,66,8,84
80107030,1,3642,65,3,103
80163222,1,3277,65,8,22
80142140,1,3277,64,5,115
80117628,1,3277,65,2,88
60030245,1,3277,52,7,87
70271592,1,2911,62,12,78
80046144,1,2911,62,13,73
80046145,1,2911,59,10,72
81036338,1,3989,67,2,155
80058480,1,3989,64,3,119
80206847,1,3624,66,2,142
80164930,1,3624,66,4,78
80115102,1,3259,65,2,112
80098467,1,3259,65,11,90
80098491,1,3259,65,6,88
81018239,1,4006,67,4,90
80205978,1,3641,66,2,85
80189806,1,3641,66,4,69
80155902,1,3641,65,1,100
80206057,1,3641,66,1,85
80105358,1,3276,65,5,86
80108691,1,3276,65,5,94
80166467,2,4005,67,2,1
80218939,1,4005,66,3,94
80175314,1,3640,66,4,97
80039655,1,2909,64,4,60
80023921,1,2544,37,1,48
81070659,1,4369,68,4,63
81045765,1,4004,67,4,85
81018634,1,4004,67,8,29
80039602,1,4004,63,3,96
80090672,1,2908,64,10,47
80012535,1,2543,63,13,73
70137790,1,4368,59,6,119
81048551,1,4368,67,4,136
80058477,1,4368,64,3,120
81039381,1,4003,67,2,137
80026431,1,4003,63,1,27
80013772,1,4003,63,3,112
80013474,1,4003,63,3,112
70184051,1,4003,60,6,107
80232329,1,4003,67,4,153
80000644,1,4003,63,6,123
80145625,1,3638,66,5,129
80144803,1,3273,65,4,105
80127459,1,3273,65,4,88
80125782,1,4367,65,3,110
80074933,1,4367,64,2,134
60021525,1,4367,50,2,185
80057585,1,4367,64,2,174
70059026,1,4367,55,4,169
70224999,1,4367,60,2,148
70181734,1,4367,60,4,135
80205232,2,4367,61,2,1
70254352,1,4367,56,2,119
81213153,1,4367,66,2,81
81213148,1,4367,66,2,98
70134537,1,4367,59,2,135
70001237,1,4367,53,2,185
70114467,1,4367,58,2,156
81213149,1,4367,66,4,104
70110883,1,4367,57,2,139
60004509,1,4367,47,1,77
70262614,1,4367,61,4,140
70202336,1,4367,60,1,154
81025946,1,4002,67,1,90
81036745,1,4002,66,1,84
80188902,1,4002,64,4,87
81045054,1,4002,67,4,145
70117674,1,3637,57,4,143
80104116,1,3637,64,6,90
80197310,1,3637,65,4,92
80220783,1,3637,64,4,81
80177441,1,3637,66,1,105
80218586,1,3637,65,4,91
80210182,1,3637,66,4,111
80018252,1,3637,64,3,103
80203788,1,3637,65,4,118
80227673,1,3637,65,4,148
80218784,1,3637,66,4,75
80218783,1,3637,66,2,89
80223049,1,3637,66,2,128
80217545,1,3637,66,6,86
80203784,1,3637,62,4,83
80106230,1,3637,64,4,109
70003680,1,3637,48,3,111
80216662,1,3637,66,2,40
80093295,1,3272,64,5,93
80142450,1,3272,64,2,98
80087348,2,3272,63,1,1
80098810,1,3272,65,1,88
80093812,1,3272,64,5,93
80085567,1,2906,64,4,70
80240715,1,4001,67,3,135
80222301,1,4001,67,6,109
80104182,1,3271,65,4,81
81001887,1,4365,68,3,129
81172747,1,4365,65,4,99
81172757,1,4365,66,4,100
70243446,1,4365,61,3,94
81210770,1,4365,68,2,95
81060232,1,4364,68,4,65
80158871,1,3634,66,4,70
80139397,1,3634,65,4,108
80107019,1,3634,65,4,106
80191835,1,3634,66,5,106
80124728,1,3269,65,4,31
80020772,1,2538,63,7,103
70290567,1,2173,62,7,100
81037373,1,4363,68,2,143
80065754,1,3998,64,3,86
80205065,1,3633,65,4,81
80194612,1,3633,66,3,94
80104420,1,3268,65,2,83
80039517,1,2902,64,2,120
81035888,1,4362,66,2,101
81036542,1,4362,68,4,60
81001121,1,3997,65,4,107
80144453,1,3997,65,3,110
81009829,1,3997,66,4,86
81148811,1,4353,68,7,86
18066997,1,4353,47,6,82
60023608,1,4353,51,6,94
1153656,1,4353,46,6,90
21302357,1,4353,48,6,95
81217745,1,4353,68,2,127
80011622,1,4353,63,3,93
81165325,1,4353,68,4,94
81217746,1,4353,68,2,120
70023451,1,4353,54,3,117
80182479,1,4353,66,2,135
81217741,1,4353,66,2,134
60024161,1,4353,51,3,104
873159,1,4353,45,3,131
81217747,1,4353,67,1,137
70229213,1,4353,61,6,86
80191294,1,4353,66,3,93
70021640,1,4353,54,7,93
70044689,1,4353,55,3,151
80208793,1,4353,66,3,104
81217742,1,4353,66,2,133
81169158,1,4353,68,4,95
81149202,1,4353,64,4,126
70216819,1,3988,60,2,122
70124651,1,3988,58,4,87
81002685,1,3988,67,4,98
70285697,1,3988,62,4,130
81018536,1,3988,67,2,99
81030201,1,3988,63,2,105
81024726,1,3988,63,2,110
81015153,1,3988,67,2,81
81030198,1,3988,60,1,115
80017265,1,3988,63,2,113
81024716,1,3988,64,2,146
80106306,1,3988,64,4,118
60034549,1,3988,53,6,122
80135353,1,3988,65,4,109
70126809,1,3988,58,1,117
80127645,1,3988,59,4,95
80187471,1,3988,66,2,124
81030200,1,3988,62,4,96
81030197,1,3988,57,4,96
70104313,1,3988,57,6,123
80166319,1,3988,67,7,85
80158854,1,3623,66,13,26
80203781,1,3623,66,2,123
80203792,1,3623,64,2,124
80191930,1,3623,66,2,81
70170181,1,3623,59,4,97
80173001,1,3623,66,12,81
80171247,1,3623,66,2,119
70286808,2,3623,66,8,1
70135647,1,3623,29,2,149
80201828,1,3623,62,4,106
80203787,1,3623,64,2,140
70236586,1,3623,61,4,121
80191513,1,3623,65,4,99
80176212,1,3623,66,4,96
80113785,1,3258,63,5,89
80152091,1,3258,62,1,24
80118982,1,3258,64,5,100
80149139,1,3258,64,4,116
80114915,1,3258,64,3,101
80104240,1,3258,65,5,92
907090,1,3258,28,4,79
80149282,1,3258,65,5,72
80154176,1,3258,65,8,96
80073100,1,2892,64,13,72
70253397,1,1797,59,1,26
81074367,1,4239,67,4,107
81091977,1,4239,68,8,46
80245357,1,3874,67,4,104
80128691,1,3509,66,4,88
70183165,1,4238,60,7,91
80165487,2,4238,63,2,1
70297144,2,4238,61,2,1
81065902,1,4238,67,4,103
80195838,1,3508,41,3,62
81112446,1,4237,68,2,117
81088318,1,4237,68,2,76
80080617,1,4237,65,4,67
80203996,1,3507,66,4,165
80203998,1,3507,66,4,166
80203997,1,3507,66,4,166
80204117,1,3507,64,2,159
80204119,1,3507,64,2,160
80204118,1,3507,64,2,159
80163368,1,3507,63,2,93
80184868,1,3507,65,4,95
80044888,1,4236,64,1,114
80050006,1,4236,64,4,67
80002621,1,4236,63,5,77
81145273,1,4236,67,4,84
81001278,1,4236,65,4,63
80165221,1,3506,64,8,22
81035835,1,4235,66,2,99
81143771,1,4235,68,4,59
80208295,1,4235,66,4,102
80138681,1,3505,65,6,105
80167488,1,3505,65,3,101
80142222,1,3505,65,4,124
80156927,1,3505,65,4,100
80108759,1,3140,65,4,73
80057578,1,3140,65,7,107
80018296,1,2774,63,7,90
70303426,1,3869,63,1,143
80104648,1,3869,65,2,127
80992995,1,3869,67,4,100
80234491,1,3869,67,1,74
80124724,1,3504,66,4,54
80168079,1,3504,66,4,121
80155475,1,3504,66,4,103
70254350,1,3896,62,2,135
70033611,1,3896,41,2,95
80997863,1,3896,33,1,93
80114719,1,3896,67,4,101
80042182,1,3531,64,4,96
81091381,1,4260,67,4,91
81141694,1,4260,68,1,102
80209658,1,4260,67,4,100
80994162,1,4233,66,2,81
80174897,1,3868,67,4,104
80173176,1,3503,66,4,129
81167494,1,4259,68,2,81
80999781,1,4259,68,1,98
80997400,1,4259,68,2,110
70292992,1,4259,62,4,106
70267834,1,3894,62,7,90
80193491,1,3529,66,6,95
80184834,1,3529,66,2,57
81046796,1,4258,68,4,85
81002601,1,3893,63,4,112
80177776,1,3893,66,2,141
81016192,1,3893,66,2,120
81016194,1,3893,66,2,140
80059505,1,3528,64,6,92
80163159,1,3527,65,4,81
81140577,1,4256,68,4,66
80108234,1,3891,63,5,99
80152442,1,3526,65,4,98
80161232,1,3526,65,4,95
70275600,1,3161,62,14,180
80097431,1,3161,65,2,75
80057691,1,3161,65,4,92
81003736,1,4255,67,4,92
70293130,1,3890,62,4,86
60000677,1,3890,47,4,104
70012316,1,3890,50,4,100
70304914,1,3890,61,4,50
70298926,1,3890,62,4,124
80164392,1,3525,66,3,116
80122759,1,3525,66,4,100
80163366,1,3525,65,4,95
80115152,1,3160,64,4,90
80048569,2,3160,64,2,1
81036530,1,4254,65,4,92
81145277,1,4254,68,2,91
80245450,2,3889,67,4,1
81008272,1,3889,47,4,31
81012978,2,3889,67,2,1
80144145,1,3889,67,4,90
81155859,1,4253,68,1,133
81155858,1,4253,67,2,135
81147910,1,4253,68,1,120
81155802,1,4253,68,2,118
70285728,1,4253,62,4,123
70274390,1,3888,55,4,196
80224150,1,3888,66,3,93
80128689,1,3523,66,4,70
80185322,1,3522,66,4,51
80163054,1,3522,65,2,94
81151880,1,4251,68,4,98
81151877,1,4251,68,4,98
81151878,1,4251,68,4,98
81144912,1,4251,67,4,104
81016193,1,3886,66,1,110
81016196,1,3886,66,2,162
80201175,1,3886,66,4,139
81016191,1,3886,67,6,130
80199962,1,3886,66,2,145
80134952,1,3521,65,4,83
80163407,1,3521,62,4,92
80163265,1,3521,64,2,88
60021787,1,4250,51,3,167
80162179,1,3520,65,4,104
80115686,1,3155,64,1,114
70242938,1,4232,61,3,145
22469949,1,4232,44,6,102
81155803,1,4232,68,4,116
70139075,1,3867,60,4,148
70139072,1,3867,60,1,127
70267490,1,3867,62,3,96
80087354,1,3867,65,4,82
70111162,1,3867,57,4,158
80099083,1,3867,65,2,124
60003290,1,3867,49,2,163
70139074,1,3867,59,2,121
70303432,1,3867,63,4,154
70303424,1,3867,63,2,127
70139071,1,3867,59,2,128
70219529,1,3867,61,1,98
70056059,1,3867,55,2,124
70114589,1,3867,58,1,109
80104257,1,3867,65,2,168
80997865,1,3867,32,2,89
70123124,1,3867,59,4,162
70047320,1,3867,55,4,159
70229043,1,3867,61,4,137
80087743,1,3867,64,1,133
70139078,1,3867,59,1,125
70229041,1,3867,61,1,127
70187503,1,3867,60,2,131
70075775,1,3867,54,1,90
70204316,1,3137,60,5,81
80234464,1,3884,65,2,88
80209558,1,3884,62,2,91
80209722,1,3884,64,4,91
80153897,1,3519,65,2,104
80138469,1,3519,65,2,124
80118930,1,3154,65,4,80
80202810,1,3883,67,2,102
80201039,1,3883,67,7,95
70177633,1,3518,60,6,113
80146805,1,3518,66,4,124
80087352,1,3882,66,6,119
80173606,1,3882,66,4,114
80203147,1,3882,67,2,100
80223582,1,3882,67,4,54
80190984,1,3517,66,7,96
81092330,1,4246,68,4,95
80021840,1,4246,64,6,117
80231419,1,4246,68,2,100
80235578,1,4246,68,4,86
80243541,1,3881,67,2,150
70033644,1,3881,41,4,108
80039484,1,3881,34,5,90
70059191,1,3881,31,2,101
11546798,1,3881,46,2,104
70014531,1,3881,39,4,88
70026792,1,3881,43,2,93
80997789,1,3881,44,2,79
80997867,1,3881,30,1,92
80039662,1,3881,35,4,90
80997862,1,3881,33,2,86
60027334,1,3881,50,4,90
80999983,1,3881,61,4,103
70111922,1,3881,33,4,86
80997859,1,3881,37,1,108
70130432,1,3881,29,3,97
70033579,1,3881,51,2,92
70100527,1,3881,29,3,101
80997857,1,3881,42,4,83
80997793,1,3881,42,2,85
80997861,1,3881,34,2,85
70299867,1,3881,63,3,106
81154987,1,4245,68,12,112
81122206,2,4245,68,4,1
81004321,1,4245,68,4,69
80209061,1,3880,67,5,86
81002212,1,3880,64,2,131
80176707,1,3880,64,4,105
80199381,1,3880,66,3,134
80202176,1,3880,67,4,85
70123118,1,3880,58,1,203
80185166,1,3515,66,4,63
80068219,1,3515,64,4,56
70209163,1,3515,60,3,92
80163191,1,3515,64,4,91
80184661,1,3515,64,4,94
80078761,1,3150,64,2,99
80114111,1,3150,64,,66
70308278,1,2419,63,8,94
81147274,1,4244,68,2,119
80039439,1,3514,66,6,94
80044804,1,2783,64,4,62
81147278,1,4243,68,2,123
81146011,1,4243,68,4,93
80162142,1,3513,65,4,82
80100772,1,3148,64,5,90
80188580,1,3512,66,4,90
80106737,1,3512,64,4,71
80142058,1,3511,66,2,97
70044256,1,3146,54,2,72
70113636,1,3146,58,1,71
70237054,1,3146,61,2,77
70301469,1,3146,63,2,70
81005454,1,3875,67,2,120
80223371,1,3875,67,2,124
80175147,1,3875,67,4,95
80239831,1,3875,67,1,12
70296443,1,3510,64,3,83
80168033,1,3510,65,4,98
80160346,1,3510,66,2,92
70121522,1,4231,58,6,164
81065784,1,4231,67,2,87
80124099,1,4231,65,3,90
70119812,1,4231,59,6,106
60032685,1,4231,52,4,116
70006816,1,4231,53,4,134
70236587,1,4231,61,1,133
520489,1,4231,43,3,118
70266677,1,4231,62,3,120
60010514,1,4231,46,3,154
70301367,1,4231,64,6,128
80014727,1,4231,64,3,115
81050688,1,4231,67,4,177
80081505,1,4231,64,3,105
60022700,1,4231,51,3,112
915927,1,4231,25,7,120
916043,1,4231,28,7,119
60010836,1,4231,31,7,100
916061,1,4231,34,7,92
60025674,1,4231,39,6,104
70039168,1,4231,54,6,97
81103092,1,4231,67,2,88
60031278,1,4231,52,6,128
60001363,1,4231,49,6,130
60026477,1,4231,44,6,108
80094096,1,4231,65,4,98
81085824,1,4231,67,4,89
1171655,1,3866,46,6,89
80993489,1,3866,67,2,88
70033643,1,3866,41,4,125
70233317,1,3866,61,3,88
80997858,1,3866,38,2,94
80238607,1,3866,67,4,83
80039485,1,3866,46,4,89
80998560,1,3866,66,2,118
70043379,1,3866,54,2,109
80232892,1,3866,66,4,87
70124268,1,3866,59,8,79
80998564,1,3866,66,2,147
80997864,1,3866,32,2,92
70142792,1,3866,59,4,103
81002214,1,3866,62,2,119
80993656,1,3866,66,4,80
80998568,1,3866,66,1,110
80998565,1,3866,66,1,128
80998566,1,3866,66,2,88
81002215,1,3866,64,2,117
70105338,1,3866,57,7,98
81014824,1,3866,66,2,126
81013200,1,3866,67,1,115
80041339,1,3866,64,4,86
70105371,1,3866,58,3,108
60022962,1,3866,50,3,94
81002213,1,3866,66,4,151
80190147,1,3501,64,1,89
80190149,1,3501,65,10,92
80195886,1,3501,66,4,111
80190148,1,3501,65,1,92
80147321,1,3501,65,4,91
70248183,1,3501,61,3,172
80151962,1,3501,65,4,95
80190146,1,3501,65,10,80
80114501,1,3501,65,4,84
80187107,1,3501,65,10,97
80167646,1,3501,65,4,86
80185861,1,3501,65,2,58
80081374,1,3501,64,4,114
80109260,1,3136,65,5,86
80104552,1,3136,64,5,128
80108996,1,3136,57,2,45
80109248,1,3136,57,2,46
70222860,1,4117,62,3,94
81026677,1,4117,67,4,89
80202076,1,3752,65,2,94
80094357,1,3022,64,5,116
81074135,1,4116,67,2,131
80169549,1,3386,66,4,119
80091879,1,3021,65,3,82
81091424,1,4115,68,2,170
80208951,1,3750,66,3,93
80105690,1,3385,65,4,110
80134527,1,3385,66,4,89
80989339,1,4114,67,3,91
70295170,1,4114,64,6,128
80130625,1,3749,67,4,75
80096984,1,3749,67,4,96
80222823,1,3749,66,2,95
80209895,1,3749,67,2,32
80189646,1,3749,67,4,70
80226962,1,3749,66,4,94
80161104,1,3749,65,4,117
80191990,1,3749,67,4,78
80098839,1,3384,65,3,76
80232502,1,4113,68,4,88
81088786,1,4113,68,4,97
81086435,1,4113,67,2,110
81091423,1,4113,68,2,170
81034317,1,4113,68,1,92
80185032,1,3748,66,4,100
80119177,1,3748,67,3,91
80231064,1,3747,64,4,115
80227118,1,3747,60,4,122
80227115,1,3747,65,2,107
80227113,1,3747,65,1,109
80227116,1,3747,65,2,104
80227119,1,3747,63,2,95
80227114,1,3747,65,2,100
80194610,1,3747,66,7,93
80038443,1,3747,54,2,104
80231065,1,3747,63,4,134
80161109,1,3382,66,,74
81029737,1,4138,68,4,92
80227677,1,4138,68,4,64
81092327,1,4138,66,4,72
80231066,1,3773,54,2,112
80175333,1,3773,66,2,115
80198419,1,3773,66,4,92
70130142,1,4111,59,3,113
81062674,1,4111,67,4,126
80217689,1,3746,67,4,75
80235025,1,3746,67,6,100
80164904,1,3746,66,2,105
81015498,1,4137,67,4,148
80157889,1,4137,65,4,110
81094082,1,4137,67,4,119
80048940,1,3042,65,4,101
80128715,1,3406,66,4,53
80164212,1,3406,66,4,95
80096782,1,4135,65,3,163
80164864,1,3770,67,2,93
80162993,1,3770,66,2,95
80183328,1,3770,67,2,117
81035872,1,4134,60,2,125
81035865,1,4134,61,2,87
70260989,1,4134,61,6,96
80992501,1,4134,68,4,91
81076251,1,4134,68,4,122
81093925,1,4134,67,1,125
70126573,1,4134,60,6,95
70242568,1,4134,61,6,99
80217772,1,3769,67,4,66
80164088,1,3769,66,4,110
80081278,1,3404,64,4,95
81066244,1,4133,67,2,98
80991404,1,4133,67,7,90
81035873,1,4133,60,2,97
81035862,1,4133,61,4,97
81094665,1,4133,67,2,86
81035878,1,4133,60,2,114
80174683,2,4133,64,3,1
70103759,1,4133,58,3,96
80182411,1,3768,66,1,97
80205442,1,3768,67,13,78
80226424,1,3768,67,4,102
80158042,1,3403,65,1,149
80117684,1,3403,65,3,106
80106337,1,3403,65,4,108
80133552,1,3403,66,4,66
81077451,1,4132,62,4,99
81014345,1,4132,66,4,88
80158976,1,3767,67,7,62
80238655,1,3767,66,1,90
80003150,1,3400,62,1,54
70296578,1,3400,62,2,55
70296574,1,3400,63,1,55
70309257,1,3400,63,1,55
80012520,1,3400,63,1,55
70219642,2,2669,55,1,1
80118916,1,3399,66,4,113
80146759,1,3399,66,4,83
81073387,1,4128,67,2,168
80207606,1,4128,67,4,89
80192186,1,3763,67,4,97
80216834,1,3763,67,4,105
70241596,1,3033,61,3,76
80174097,1,4110,65,4,86
81076749,1,4110,68,2,120
81066961,1,4110,64,2,76
80174687,1,4110,68,4,60
80015799,1,3380,63,3,103
80036657,1,3380,64,3,101
81037733,1,4127,67,4,90
80112518,1,4127,65,3,100
81033430,1,4127,68,2,102
81035851,1,4127,63,4,98
80202920,1,4127,68,3,92
81088285,1,4127,67,2,116
81080942,1,4127,68,4,111
80187301,1,3762,66,4,90
80215782,1,3762,66,4,129
80172000,1,3397,66,4,53
81035844,1,4126,65,2,91
81035842,1,4126,65,2,99
81035860,1,4126,62,2,99
81035846,1,4126,64,4,98
81035854,1,4126,63,2,73
80097516,1,3761,65,3,92
80164465,1,3396,66,7,95
80117484,1,3396,66,4,50
80017099,1,4125,63,3,113
81043542,1,4125,64,4,153
81026329,1,4125,67,1,81
81006826,1,4125,68,4,54
80029368,1,2664,64,4,84
70222859,1,4124,62,3,93
70261674,1,4124,62,3,123
70045274,1,4124,56,7,96
81034599,1,4124,67,4,101
81090128,1,4124,68,2,53
70114022,1,3759,58,6,109
80180225,1,3759,65,4,77
80015794,1,3394,63,6,97
81088700,1,4123,50,4,102
70043149,1,4123,54,4,141
70040077,1,4123,52,4,111
60031998,1,4123,52,4,131
60036103,1,4123,52,2,116
81086641,1,4123,67,2,119
70027133,1,4123,54,2,146
81086640,1,4123,65,1,101
81009808,1,4123,67,4,82
80189853,1,3758,66,3,107
70059700,1,3758,32,5,69
70142918,1,3758,59,10,87
80081790,1,3393,64,4,92
80015280,1,3393,63,1,97
80141253,1,3393,63,2,105
80141254,1,3393,65,2,107
80160081,1,3393,66,4,99
80168301,1,3393,65,2,101
80064273,1,3028,64,5,95
80098475,1,3028,65,5,127
80058247,1,3028,64,5,86
81060043,1,4122,67,2,90
81024557,1,4122,67,4,87
70124562,1,3757,58,3,99
80156683,1,3392,65,2,81
80141185,1,3392,65,4,92
80126569,1,3392,66,2,131
80171982,1,3392,65,2,111
80156856,1,3392,65,4,99
81041391,1,4121,68,4,95
81018120,1,4121,68,4,94
80152625,1,3756,67,2,105
80175421,1,3756,67,4,99
80108518,1,4120,65,1,129
80172002,1,4120,66,3,94
81019144,1,4120,67,4,103
81043540,1,4120,63,4,133
81043541,1,4120,62,4,135
80170483,1,4120,62,4,85
81019888,1,4120,68,2,91
80133153,1,3755,66,4,108
80149145,1,3390,65,4,101
81044884,2,4119,68,4,1
80106743,1,3389,65,3,96
81087095,1,4118,67,2,105
81026007,1,4118,68,2,59
81021447,1,4118,68,2,91
80158875,1,3753,67,4,66
80142474,1,3388,66,4,85
81086434,1,4109,68,2,118
81083791,1,4109,64,4,88
81088282,1,4109,67,4,55
70167072,1,4109,60,6,110
70058016,1,4109,56,3,113
70077557,1,4109,57,6,110
80233085,1,4109,65,7,94
80210602,1,4109,67,2,54
81088283,1,4109,67,2,53
80141156,1,4109,65,2,103
70077546,1,4109,56,6,126
70063591,1,4109,55,7,89
81052280,1,4109,67,2,124
70110558,1,4109,58,6,128
60020916,1,4109,50,7,88
60029178,1,4109,52,7,83
80103336,1,4109,66,6,96
80207445,1,4109,65,1,118
80209751,1,4109,66,4,91
80063773,1,4109,64,3,91
81088284,1,4109,67,1,53
70061480,1,4109,56,3,103
80987611,1,3744,65,1,104
70060380,1,3744,42,3,101
80202808,1,3744,66,2,96
60010082,1,3744,35,9,80
60033788,1,3744,40,9,75
60033786,1,3744,48,9,75
60033787,1,3744,49,9,79
60022255,1,3744,44,9,78
60022254,1,3744,50,9,75
70020048,1,3744,53,9,78
284890,1,3744,44,1,166
80226076,1,3744,66,4,90
70115621,1,3744,58,1,132
80103383,1,3744,42,1,91
60011619,1,3744,38,7,117
80041337,1,3744,64,4,103
60033223,1,3744,51,2,176
607931,1,3744,44,6,116
70298251,1,3744,61,5,60
60002111,1,3744,49,1,149
80190215,1,3744,66,4,86
70000196,1,3744,53,2,171
80245519,1,3744,66,2,103
80245329,1,3744,65,2,116
70083535,1,3744,56,2,169
70039405,1,3744,54,1,134
60000722,1,3744,49,1,159
70134539,1,3744,59,2,130
80245518,1,3744,66,4,103
80124313,1,3744,65,2,173
60036359,1,3744,42,3,195
80049281,1,3744,64,6,111
70084328,1,3744,56,4,99
70099610,1,3744,57,6,110
80156408,1,3744,65,3,94
80172938,1,3379,62,2,98
80131414,1,3379,65,2,74
80170612,1,3379,61,1,156
80144890,1,3379,65,4,88
80106786,1,3379,65,4,70
80115101,1,3379,65,4,88
80141261,1,3379,65,4,93
80158482,1,3379,20,1,143
80081955,1,3379,64,2,83
70302835,1,3379,63,2,107
80125512,1,3379,65,5,93
70205014,2,3379,55,2,1
80158479,1,3379,24,2,134
80100054,1,3379,66,4,78
80104237,1,3379,65,4,81
80093107,1,3379,65,5,106
80085439,1,3014,64,3,102
80011846,1,3014,63,5,88
80064521,1,3014,64,6,109
70197049,2,3902,67,1,7
80020542,2,4291,68,2,5
70205012,2,4262,57,1,9
80108561,2,3532,64,4,3
70242310,2,2853,64,4,3
80175619,2,3602,66,8,2
80144355,2,4323,67,1,2
70143825,2,4141,68,2,14
80066080,2,4166,67,2,4
80065386,2,4165,68,2,4
80133311,2,4161,68,2,3
80027042,2,4160,68,2,5
80018046,2,3430,65,2,4
70242081,2,4159,68,2,7
70143864,2,3426,65,1,8
70245163,2,4153,67,2,8
80023644,2,3743,66,2,6
80179201,2,3378,65,4,2
80007778,2,3455,66,8,2
80062047,2,3476,66,2,4
80103318,2,3108,65,2,2
80171362,2,4218,68,2,6
70180293,2,3303,63,13,2
70204981,2,3654,59,2,5
70142436,2,3272,61,1,5
80176929,2,3504,66,1,2
80063224,2,4260,68,1,7
80164216,2,4232,67,8,4
80115328,2,4245,68,4,2
80176842,2,4117,68,2,4
80126599,2,3393,63,1,3