show_id,country_id
81145628,1
81145628,2
81145628,3
81145628,4
80125979,1
70304989,5
70304989,1
70304989,6
70304989,7
80164077,8
70304990,1
70304990,9
70304990,10
70304990,11
70299204,12
70299204,13
70299204,9
70299204,1
80057969,14
80057969,13
80060297,1
80046728,14
80046728,13
80046728,15
70304988,1
80057700,1
80045922,1
70241607,16
80988892,4
80988892,7
80988892,1
80239639,1
80159586,13
80159586,9
80159586,1
80152447,13
80152447,14
81154455,2
81052275,2
80058026,1
70303496,2
80162141,9
80095641,9
80159880,1
80159880,7
81016044,16
80158838,16
81016045,16
70142798,16
70062814,16
80158839,16
80147760,1
80177405,1
81160036,17
81173255,7
81078908,1
81155784,2
80201906,1
80052612,9
80052612,14
81054495,9
70212504,1
70212504,9
80187061,3
80187061,1
80198585,9
80198585,1
70233894,18
70233894,1
81011955,19
80128722,1
80104068,1
80019931,1
80200087,10
80200087,14
80200087,20
80200087,13
80200087,12
81002850,21
81004470,4
80157072,1
81002864,21
81016750,21
81002866,21
81002866,9
81132443,18
80231903,1
81012295,22
80060037,14
80060037,23
60003155,1
81177238,2
70270775,22
70270775,4
80215923,1
80151483,1
80173625,1
80173625,24
81075519,25
80166318,14
80166318,7
81186758,2
81186757,2
80108976,1
80208155,1
80162144,9
81053953,1
81074113,1
80992496,4
70304191,7
80103311,6
80103311,26
81176200,2
80208906,1
80106966,1
81080769,2
70267838,1
80211380,9
80211380,1
80196586,1
80099204,1
80059432,1
81172721,27
81172727,27
70153543,14
81172728,27
81172728,7
81172728,1
80102952,1
80243600,1
80243600,14
80243600,28
80243600,6
81122669,1
81000389,6
81132439,18
80150502,22
80119815,1
80119815,29
80119815,9
80203776,25
80143797,4
80161931,1
80017275,30
80017275,9
80017275,14
80017275,31
81107545,2
70118953,14
70118953,32
70118953,6
70118953,1
70118953,33
80190449,1
80163156,1
80149143,7
80149143,1
80149143,9
80987075,1
80192815,1
80066798,1
81147293,1
80991316,9
80190588,1
70124316,22
70229037,1
80037280,9
80037280,7
80037280,1
80058248,1
70307661,1
70117312,1
70117312,9
70117312,7
70117312,34
80092885,7
80092885,1
80108371,1
70129452,1
70129452,7
70129452,3
81030342,1
70054723,1
81131761,1
81016326,21
80227777,31
81018233,2
81016317,21
81016337,21
81018234,2
81018235,2
81018236,2
81018237,2
81018238,2
80067522,35
80067522,1
80192149,36
80142637,17
80192014,1
80192014,24
80192015,24
80192015,10
80202129,9
80088910,1
70290909,1
80033772,1
81093951,2
80238013,1
81089941,1
81000011,16
80217733,34
80999985,16
80188120,37
80188120,1
80164779,1
81092328,1
81183572,1
81037283,1
80244973,1
81132438,18
81161230,4
81002412,1
81023636,1
80198046,1
70267728,1
81001000,20
80158670,1
80244019,12
80162143,9
81060174,1
81060174,9
70130445,1
81001494,9
80991570,1
80184129,1
60000861,1
60000861,7
1151375,1
80187228,9
80187228,7
80187228,1
81031008,1
70099119,1
70099119,14
70039185,28
70039185,1
70039185,7
81165769,27
70056433,1
70113003,1
60031232,1
60031232,38
80032842,27
81137482,10
81137482,19
81137482,14
81137482,39
81137482,11
70043308,1
81165771,27
70044697,1
70105368,1
81141689,1
1008581,1
70058023,1
81165786,27
81165770,27
70043303,1
70136074,14
70136074,1
1153194,1
70112730,1
70112730,9
81158575,33
81065786,40
70087541,1
81004113,41
81003984,6
70024088,1
81005312,14
81005312,13
80082969,1
80994130,2
81019924,2
81018240,2
81013710,2
70077076,1
81014988,2
81014988,28
81014988,42
80102950,16
70055221,24
81005314,14
80242828,1
81004223,1
80198730,1
81016043,16
17672040,1
20254278,2
70276596,34
80063025,34
70068739,1
70068739,14
80156941,2
80156941,43
70052492,34
70036200,34
70018513,34
80158480,2
80139506,1
80205314,2
80158545,2
80156939,2
80152537,34
80045673,34
70275937,34
70101321,34
70108386,34
70074559,34
80162197,28
80160358,14
60034929,1
80157134,2
80157134,44
80141891,26
80141891,6
80183897,1
80183897,22
80177834,4
80121855,9
80121855,20
80121855,37
80121855,45
80121855,1
80168028,26
80168028,15
80168028,6
80168028,14
80168028,1
80168028,20
80190990,26
80173269,1
80106140,12
80106137,12
80114155,17
80114155,30
80114155,1
80118841,9
80102579,7
80102579,1
80114419,6
80103426,6
70278877,1
80244311,1
81183570,1
81016328,21
80239503,1
81016321,21
81016321,46
81016321,1
80995737,1
81020161,47
80025390,38
80025390,1
80196216,1
80115464,1
80041653,31
80041653,48
81016338,21
81002592,25
81017724,1
80170301,4
80170301,2
80170301,49
81177367,2
81016323,21
81016318,21
81016318,1
80242081,9
80168222,1
80168222,22
81158574,18
80237905,7
81132440,18
81021243,1
81004460,9
81004460,7
81004460,20
81016330,21
70105130,1
80141858,1
81084225,26
80203920,41
80199806,6
80199806,14
80084834,50
80208273,1
80145699,1
70266684,1
81166978,3
81177371,2
70067230,2
80207446,2
80207447,2
81016324,21
80192097,1
70002129,1
80191963,9
80191963,2
80191963,1
80218099,1
80199767,1
80191665,1
80161921,1
81148672,1
80224362,14
80224362,13
80224362,4
80224362,1
80092857,7
80092857,1
81110394,9
80067754,1
80067754,21
80189954,7
80094648,7
80094648,1
80066073,9
80066073,28
80066073,7
80123740,14
80123741,14
80123741,13
80123742,14
81000863,1
70082255,22
70082255,4
80117454,1
80095197,6
80045783,1
81123469,1
80990221,36
80990221,51
80990221,52
80202352,52
80202352,1
80235268,6
80235268,39
80235268,9
80235268,53
81025088,2
80173479,1
80081372,37
80081372,1
81136744,1
81132444,18
80182014,1
80182014,9
80182014,28
81018455,1
81110383,32
81018183,1
80064515,1
80062011,1
81034741,1
81075461,54
81075461,47
80205231,2
80158919,9
80017261,7
80017261,55
80186796,1
81071891,22
81071891,4
80224536,1
80994444,1
80017286,1
70295169,1
70295169,6
70295169,28
80039050,1
81027753,1
15815343,1
70295176,1
81043190,40
81043190,42
81043190,1
80131240,1
70170182,2
70082633,2
70049619,2
80211135,2
70109884,2
70176967,2
70198040,2
80038442,1
80091310,9
70114484,21
80117443,1
80010717,1
81020005,45
81035748,9
81035748,1
81035748,23
80135164,1
80113669,1
81094801,24
80218973,1
80218973,5
80235999,1
80017240,9
70118859,9
80236778,9
80236778,1
80236470,9
80236470,56
699257,9
80236574,9
80039069,1
80046779,1
60001650,1
81172848,27
81034575,13
81034575,55
81034575,14
80226951,24
80226951,26
80232279,9
80232279,7
80232279,1
80232279,57
80239666,3
81011973,2
80144152,22
80144152,4
81035749,1
81035749,9
81035749,23
80148162,21
80148162,1
80171705,14
81172729,48
81172895,27
80206910,1
81132442,18
81172723,27
80990336,6
81172909,27
80994011,1
81172902,27
80998890,2
81047903,21
81026343,2
70125931,1
70125931,4
70235768,7
80177406,1
81053240,3
80043834,1
80043834,9
81157840,1
80244900,1
80211134,2
70271601,9
70271601,1
80204433,2
80089199,12
80089199,10
80089199,48
80043049,1
80044545,1
80070182,1
80176234,18
80992769,9
80992769,51
80992769,1
81025935,2
81020508,2
80201824,2
80203782,2
80201829,2
80126016,58
80202089,2
80203789,2
80193423,59
80201825,2
80028360,2
80203783,2
80142617,1
80142617,6
80201823,2
80190841,38
80190841,33
80115858,38
80115858,2
80158547,2
80158547,47
80206827,2
80202090,2
80203790,2
80158391,2
80201822,2
80201822,16
80201822,1
80201822,33
80123743,14
70258995,34
70208801,34
70260383,34
80123744,14
70105699,34
70124999,34
70124999,14
80990869,7
80187205,4
80097472,1
80075009,20
80075009,14
70280748,1
81034012,14
81019031,2
80148070,28
80148070,60
80148070,12
80155812,18
80155812,14
80155812,28
80155812,51
80183198,24
80164456,1
80174434,1
80075476,1
80158148,9
80158148,1
80239565,6
80239565,14
81021082,21
80240972,1
80240972,37
80240972,9
80240972,7
80103282,61
80134526,6
80127559,1
80005501,1
81132441,18
81078819,1
80223997,1
81191666,27
81133621,34
81038598,6
81038598,14
81016322,21
80147323,40
80147323,14
80210932,30
80210932,62
80210932,1
81015317,1
80205204,1
80205204,9
70235731,9
80003481,1
81168338,10
81168338,14
81168338,51
81103033,7
60002273,1
60002273,28
60002273,7
70297962,1
269880,1
60029167,1
60020891,1
347365,1
347365,9
60003242,1
60003242,28
60027726,1
81166946,3
70023961,1
70023961,28
60027716,1
70287957,1
81168345,51
60020892,1
81164752,12
60028097,1
70065112,1
70065112,7
70083108,1
70184050,1
81168347,51
81003460,1
81168348,51
70095135,1
70095135,9
70095135,38
81168340,51
81168340,56
60023597,1
81002876,1
70058017,1
70058024,1
70011211,1
70271599,1
70020699,1
60003540,28
60003540,1
1181550,1
70170051,9
70170051,14
70170051,1
70021630,1
81043753,45
60001761,9
60001761,1
70041963,1
70058025,1
70128696,1
70077542,1
81168342,51
81165772,27
510854,1
60000921,1
81168343,51
70044605,1
18021979,1
81168344,51
70020750,1
70105596,1
60037022,9
60034571,1
60034571,63
60034571,9
70053456,1
80173150,1
81168341,51
81168346,51
80137461,2
81012857,7
70123116,2
80190101,2
81024712,2
70112494,1
80215922,1
80215922,11
70113306,2
70113305,2
80032472,2
70181653,2
80048200,1
80032474,2
80032476,2
70127589,2
80104130,2
80032473,2
70090035,2
81024713,2
70117268,2
70211216,1
70140322,1
81024696,2
70303428,2
70125882,2
70101039,2
70123121,2
80152182,2
70229042,2
70042756,2
80187618,2
81024704,2
70229047,2
70229555,2
70213515,2
81018563,1
81018565,1
81018565,7
70114948,1
80190103,2
81024729,2
81024729,1
80032477,2
81024711,2
81025908,2
81025908,1
70303495,2
70303429,2
80084768,2
70096752,2
70229046,2
80084767,2
81024701,2
70229048,2
70292836,2
80141767,2
70139542,2
70039175,1
70039175,9
70039175,28
70225597,2
70123119,2
70150437,2
70150437,38
80084667,2
70099118,1
81024705,17
80198771,3
80062096,14
80062096,7
80062096,13
70291096,1
70130483,1
80031038,1
80065930,1
80112370,1
70165189,1
70197459,1
70197459,7
80095193,1
80095193,7
70246439,1
80158155,1
80063617,19
80063617,7
80202503,6
80202503,20
70257412,1
70257412,19
80118280,7
80135360,9
70286355,1
80150246,7
80150246,31
80150246,1
80017272,1
80017272,14
80017272,7
80017272,64
80017272,65
80075828,34
80095089,1
80208176,1
80116741,32
80116741,14
80063290,14
80063290,13
80063290,9
80162195,58
80106036,30
80106036,28
80198687,3
80198687,7
80198687,34
80162246,24
80112371,1
80208413,2
80094453,19
70153553,2
70153553,36
80098709,8
80098709,1
80098709,14
80092849,6
80107372,1
80107372,7
80138584,1
80106138,12
80106138,34
80038288,2
80109089,1
80061797,20
70206821,1
70206816,1
60022914,1
70206818,1
70206819,1
70206822,1
70206820,1
70206823,1
70206824,1
70206825,1
70206826,1
81029831,22
80194289,19
80194289,14
80191219,28
80190859,9
80190859,1
80190859,7
70243445,1
80201542,1
81079723,14
81003058,1
80236993,26
80236993,8
80057565,1
80057565,13
81002596,16
81002597,16
80148275,20
80127886,2
80080491,7
80046777,1
60024976,1
80173002,1
81092045,1
81034600,4
81034600,22
81058497,1
80167628,1
81165326,3
81053961,1
81029848,2
80204460,2
70209267,1
70306305,7
70306305,1
70262831,7
70113005,48
70113005,1
70113005,58
70113005,7
70052286,1
80114460,1
81206389,2
80117461,1
81213894,2
81213894,1
80238204,1
80230507,31
80230507,7
80990725,24
81016327,21
81004245,20
81004245,32
81004245,14
81004245,28
80057969,21
81039383,2
81018377,2
81021528,14
80991809,24
80991809,12
80991809,1
80991809,9
70117294,1
70117582,1
81082007,14
81082007,43
81082007,13
81172754,27
81120982,14
81227195,48
81172899,27
81172908,27
81172901,27
81033086,1
60020826,28
60020826,7
60020826,1
80226242,4
70101696,1
81194544,2
81177504,7
81177504,30
80175798,1
80175798,11
80239961,4
80239961,23
80239961,22
80219019,2
81062293,1
80235524,1
81215481,2
80147529,1
81018860,1
80141787,24
80049871,1
81218079,1
60028294,1
80125671,1
80174220,1
80103512,6
60020948,1
70235384,1
569355,1
60022645,1
60022645,33
80196379,6
80196379,13
80196379,32
80196379,1
80196379,4
80196379,9
80198859,14
80198859,34
80159876,34
81218074,1
80199682,1
80203522,1
80107037,2
80077402,1
80107219,2
60023606,9
60023606,28
60023606,7
60023606,1
81026188,1
80080109,1
80988835,6
80208104,38
80208104,7
80134827,1
80127558,1
80158084,1
80124725,24
70267398,38
70267398,14
80108983,1
292118,1
70003046,1
80221584,1
70053833,1
70122722,1
81217738,2
80081990,1
60004471,1
60022413,1
70058022,1
60022502,1
80244683,24
80028357,28
80028357,9
81217739,2
60031884,20
60031884,1
70117289,1
28631236,1
70121502,1
70121502,58
70121502,9
70215455,1
506464,1
60003508,1
70105132,1
60004083,1
70087538,9
70087538,28
70087538,1
1181661,1
1181661,28
60011552,1
70044693,1
70173046,1
70039187,1
70044686,1
80989043,1
81021831,21
81021832,21
80239932,1
81214223,1
80027560,1
80027560,7
70135899,1
70135899,38
70135899,24
81215437,1
81215438,1
81215438,3
81215438,34
81214187,1
81214187,7
80160987,1
81215439,1
70178618,1
70292700,1
70292700,7
81214214,1
81020531,19
80242446,1
80085566,14
80085566,66
80085566,1
80124722,1
70243696,9
70243692,9
70243692,38
70243692,7
70243692,1
81073633,1
70230138,1
70083532,1
80177865,3
80117534,1
80115031,14
80115031,65
80079470,1
70127998,1
70127998,24
80160759,1
80209608,7
80209608,1
80182622,2
80175694,1
80016471,1
70189289,1
70189289,28
70189289,13
80013267,1
80046819,9
80046819,14
70293315,1
70293315,6
70293315,8
70293315,45
80177400,1
81037898,33
81037898,1
81037898,9
81004099,14
81004099,13
80200267,1
70113538,1
80244457,1
81196441,67
81162089,26
81217737,2
81076114,2
80093820,34
80183187,6
70124331,1
70124331,31
81217749,2
81217749,1
70291121,34
81035105,2
80224054,7
81038832,2
81035109,2
81030893,21
81035104,2
80075824,38
80075824,68
81035108,2
81035107,2
81028556,1
81028574,38
81028560,38
80196044,14
80122177,6
80136925,2
70040076,2
80117532,28
70260514,2
80127995,1
81156627,1
81096745,14
80191804,1
80191109,1
80004534,1
70213466,1
70213466,24
80222787,50
80147403,1
80058424,1
81078466,1
80060034,1
80205085,7
70117297,1
81152923,1
80131563,7
80091658,1
80091658,14
80091658,36
80091658,7
80237420,14
70174733,1
80183088,24
80198018,1
80127990,19
80134279,1
70044870,1
70044870,28
26597413,1
80245356,6
18002692,1
81024100,1
60027583,1
60002033,1
70046968,1
81154982,1
81063129,1
81074542,9
382650,1
70044705,1
449931,1
449931,20
449931,9
449931,69
70189289,2
80215046,7
60036838,22
60036838,1
81179693,20
485218,1
1192866,1
11819434,1
516788,1
70048968,1
542137,1
60021796,1
60021796,9
60021796,20
60031247,1
60031247,14
60031247,7
60031247,6
60000577,1
81083786,1
80153894,24
80153894,1
1179333,1
70118779,1
653673,1
70020947,1
70020947,7
70117305,1
701346,24
709163,1
709380,9
709380,1
1150871,1
70082264,1
1179583,1
70044595,1
60011729,1
70044883,1
70044883,24
60021590,1
60023638,1
60023638,34
70031792,1
70100383,1
70100383,9
60002403,1
17236920,1
923574,22
81152930,1
973861,1
70058796,1
70047101,1
81189396,9
70093991,1
60033247,1
70060000,1
70295067,9
70295067,1
70031779,1
1178866,1
60033312,1
60033312,38
684847,1
81150305,20
81150305,13
81150305,14
20557937,1
60027695,1
60031303,1
848915,1
60022980,1
60003961,1
70060005,1
70060005,6
70084791,1
70084791,9
70084791,14
70123542,1
70107499,2
70123117,2
70100644,2
80057750,2
70229045,2
70139073,2
81024731,2
70219525,2
16914787,1
80039595,2
70123120,2
80224055,7
70052249,2
70084775,9
70084775,2
70114588,2
70185139,2
80232501,1
80210147,19
80224606,1
80058851,2
70219528,2
70241088,2
70068799,2
70229044,2
70254349,2
70254342,2
80084838,2
70254346,2
70229040,2
70056663,1
80067906,2
70071832,2
70273401,1
80097390,28
80097390,1
70106268,2
80039594,2
70139076,2
70109758,2
70123126,2
70303431,2
70254351,2
70275076,2
80189997,2
81015100,1
80076581,1
81025404,9
80182949,1
70060017,58
70060017,9
70060017,38
70266675,9
70266675,4
70266675,1
80155792,48
70108590,2
70185141,2
80201826,2
80158388,2
80203778,2
80201820,2
80103312,6
80202605,33
80203791,2
80079229,2
80080145,17
80080145,1
80157797,28
80032364,7
80032364,2
80203786,2
80032097,2
80032097,7
80156684,1
80174727,4
80201827,2
80179288,7
80203780,2
80216215,24
80211371,2
80144358,9
80097360,1
80093212,6
60000545,38
80025702,38
80156369,38
1145882,22
70288423,7
70290568,1
70141644,1
81035836,40
81044103,1
81072917,41
70142542,1
70142542,7
70142542,9
81035855,40
81035845,40
81035856,40
80134780,1
80221308,1
80213657,1
80217133,9
80059440,24
80059440,14
70118125,28
70118125,13
70118125,11
81016592,1
81067760,4
70172928,1
70172928,2
80101493,1
80235472,1
80177300,1
80189866,7
80189866,34
80189866,1
80106793,1
80124727,24
80117263,1
80087897,1
70084180,10
80195964,28
80195964,1
80195964,7
80213024,14
80244782,20
80244782,32
80244782,70
80244782,51
80144280,24
80209866,4
80209866,22
80241666,8
80167648,6
80167648,1
80202874,1
70109249,2
80993095,2
70045644,2
70025612,2
80237006,2
80160033,9
80160033,16
81111849,4
80083930,2
80083752,2
70185023,2
80189827,1
70202150,9
70202150,1
81010699,3
70299863,1
80133554,1
80994596,24
81031939,6
81028570,1
80244640,3
80999729,1
80999729,12
80992499,67
80992499,37
80992499,36
80176342,2
81087094,7
80221447,1
80063265,1
81034931,3
80202903,6
80167459,1
80164778,2
80068327,1
80087933,9
80084666,2
80192137,26
80195049,1
80186850,1
80117765,9
80117765,48
81046255,42
80218306,1
80211638,1
80220758,1
80165083,14
80165083,3
80165083,4
81057229,2
80151384,1
80151384,7
80038335,1
80011852,1
80121348,1
81011598,1
81005364,2
81035880,40
81103139,1
70143369,1
81096151,2
70259801,1
80990658,35
80133663,1
80117082,7
81043473,1
80091267,2
80182919,1
80115466,34
80142223,19
80080768,7
80080768,1
81061407,1
80161216,38
80161216,33
80218111,48
80218111,6
81103108,1
80236341,50
81041271,20
80216758,1
70083809,1
80028529,1
70154110,6
70154110,24
70154110,14
80998967,1
81038047,2
60021906,2
70142827,1
70149579,2
70109375,2
70289558,2
81085319,9
70117577,1
70117577,28
70158421,2
20258084,2
20258084,20
80097814,9
80097814,1
70241757,1
80133551,1
81110388,17
80220311,9
81110389,9
81110389,17
70111279,2
81123050,2
70007056,2
70035357,2
80108481,2
70153178,2
70073018,2
80994416,2
80243408,2
80994418,17
70050576,34
70253596,10
70253596,14
70253596,1
70253596,11
80157133,2
80157083,2
80098287,1
24081514,2
24081514,24
24081514,1
80157564,53
80157564,71
80178078,9
80104330,9
81053958,1
81094666,1
80223928,1
81065331,2
81065331,1
80186940,1
80120740,1
80120740,28
81077874,58
81077874,22
80117736,1
80114666,1
80157866,9
80161029,14
80161029,7
81039410,8
81039410,26
81012340,14
70242536,22
70242536,4
70242536,28
70242536,14
80192065,24
80143556,9
80143556,1
80216541,6
80194950,1
70261058,2
70204288,2
80057278,2
70293703,2
80165853,2
80161108,7
80082660,6
80082660,14
80082660,15
80028359,1
81076049,1
60031264,1
81059956,28
81094667,1
81069255,9
81094083,2
80208082,14
81080637,1
81049260,47
81017593,9
70270364,3
70270364,53
81093342,2
70056441,22
70056441,1
419733,1
419733,9
81021631,9
80241044,26
80213148,9
80150390,2
80993495,2
80192548,2
80192548,1
80192548,26
80232330,1
80103425,26
80103425,6
80170875,9
80990815,2
80990816,2
80990829,1
80238110,1
80241876,14
80990811,2
80224106,7
80206732,2
80990810,2
80235767,6
80990814,2
80245268,20
80228322,2
80223149,1
80179373,1
80233962,6
80233493,1
80233493,48
80990813,2
80220531,7
80134149,1
80115133,54
80115133,14
80176698,2
80165848,2
70275753,2
70295762,2
80165849,2
80158395,2
70275774,2
80103430,1
80165850,2
80103372,1
80068117,2
20764666,2
70268209,2
80165851,2
70129415,1
70129415,34
80095094,1
80156763,14
80156763,13
80156857,14
80156857,13
70268489,2
80178720,7
80106505,2
80106505,38
80106505,72
80106505,9
80015785,2
80097361,1
80176716,2
80132961,7
80165857,2
70258366,2
80165732,2
80165854,2
80083589,2
80032081,2
17457962,2
80182105,2
80165855,2
70273637,2
70176968,2
80173605,6
80173605,32
80165856,2
70308135,2
80093103,6
80102305,14
70176655,1
70176655,7
80161848,34
80161848,1
80209796,7
70309693,1
80107737,1
80152742,31
80107370,2
80107370,1
80095233,33
80095233,60
70270362,1
81074140,33
80184676,1
81024044,14
60023618,1
70113532,9
70113532,7
70113532,14
70113532,1
70074299,1
80995799,1
17687959,1
70100377,1
80189630,1
81010867,50
81010865,50
81010874,50
80075018,50
70260374,1
70260374,8
80190180,5
80190180,1
80150002,1
80079265,1
80238080,1
296682,1
60037606,1
60037606,28
60037606,11
516154,1
80170187,1
80174137,1
80038296,1
80011848,1
70100381,1
70110919,50
80221560,1
80200961,1
80214580,1
80085013,50
81077597,2
81077597,34
80049193,50
81010871,50
81004270,42
81004270,1
70051671,1
80144408,20
81038545,1
81044496,73
81044496,1
80235932,7
80176592,9
80170381,2
80142103,7
80142103,1
80152842,9
80049928,1
80131168,9
80119190,1
80119187,1
80048568,9
60027942,1
80115857,1
70281026,9
80119193,1
80119189,1
80119189,9
80097423,1
70259177,1
70259177,31
80117458,1
80143362,1
80201200,4
80183197,24
80148210,9
80148210,6
80148210,1
80148210,28
70128549,7
70069233,7
80018336,7
80180509,2
80145255,1
70230147,1
80105067,1
80105067,35
81033429,2
80188579,24
80188579,74
80992232,6
80145533,1
80200571,1
70129463,7
70129463,1
70129463,2
70129463,9
80170767,1
80134826,1
81047902,21
81047897,21
80216988,62
80213803,9
80175623,2
81002880,1
80222896,50
80222896,65
81038046,2
80101096,1
80202809,6
80206758,9
80162210,19
80126485,1
80082242,1
70202151,1
80999996,16
80169617,1
80144454,12
80144454,13
80144454,28
80144454,60
80144454,67
80242378,1
80171733,1
80245408,2
80044566,1
80044566,14
80991158,6
80169469,1
80148239,9
81010863,50
80162503,50
80150350,50
80160692,50
70060865,50
80157890,50
80164752,31
80135149,19
80135149,12
80135149,1
80135149,67
80135149,42
80135149,28
80171965,1
80100945,20
80100945,14
80195967,1
81048554,2
70105459,2
80207444,2
81033516,34
81075235,2
70283202,1
70283202,9
70283202,38
70283202,34
80156212,1
70296742,2
70296742,68
70296742,1
80095531,2
80192139,26
80192063,8
80218656,7
80095806,1
80013550,10
80013550,9
80013550,48
80013550,11
80013550,13
81037077,1
81047798,1
80189216,1
80092781,7
81019338,1
80132964,1
80117824,3
80058460,1
80058460,7
80076467,9
80049951,9
80031800,1
80017171,1
80108984,1
80108984,75
80158577,3
70175439,66
70175439,14
296682,33
70307848,1
70105599,1
60029366,9
60029366,34
60029366,1
80100260,1
80017170,9
70028197,1
81013990,33
81013990,9
81013990,2
80171678,14
80171678,13
81074015,27
81041273,20
70108985,1
81004374,13
81004374,12
70045356,1
70203594,1
70253171,1
70109657,1
70020728,22
70020728,4
81024308,1
81024308,41
81031178,47
70056425,28
81050198,1
81050198,53
81034771,1
80239442,2
80238299,2
80201814,2
80192244,34
80235957,2
80226021,11
80147758,76
80201608,2
80241537,38
80241616,38
80239642,1
70041893,26
80238298,2
80238400,2
80239738,2
80237300,51
60021758,2
70095265,7
80117240,1
80098842,9
80156935,2
80102080,2
80092884,2
80092884,14
81060041,1
70090072,50
80145621,50
80100268,50
80206696,50
81010870,50
80226234,3
80081274,2
80081274,28
80134967,1
80192187,1
80189653,9
80135585,1
80216664,1
80017535,1
80219917,54
80219917,1
80174144,1
80220677,31
80229829,77
80141173,39
80141173,6
80134515,18
80134521,18
80097003,1
80134516,18
80134606,18
80134518,18
80134330,18
80038298,18
80134500,18
80038353,18
80038354,18
80038439,18
80038440,18
80134604,18
80134524,18
80038355,18
80038441,18
80134433,18
80134436,18
80134514,18
80134398,18
80134520,18
80134420,18
80134501,18
80134399,18
80134438,18
80134435,18
80134519,18
80134434,18
80160357,14
70299745,18
80038527,18
80038445,18
81059183,16
81024332,1
80987464,14
80987464,13
80156925,1
60002907,41
60002907,22
60002907,1
60002907,4
80207473,9
80990534,1
70111265,1
70024098,1
80071907,9
70020730,9
80057137,7
81045720,1
81045720,14
70236016,1
81069249,7
81083971,2
80200047,9
80200047,78
80156772,1
81016361,10
81055395,79
81055395,26
70077556,1
70100412,1
70100412,14
60021299,1
70129374,1
80167647,6
80167647,14
80184973,1
70229921,1
70021551,2
80175151,17
80232404,1
60036746,2
60036613,2
80214584,9
17671454,2
60036617,2
70294790,2
70063017,2
60003401,2
80224605,9
70021253,2
70138498,2
80188099,9
80188099,1
70025303,2
70048905,2
80223227,2
80223195,2
80236906,2
80238297,2
80235958,2
17969262,2
80223317,2
70012334,2
80106947,2
80082014,1
70291094,1
70250369,1
80223230,2
80059049,2
60032008,2
60037397,2
80223228,2
70001082,2
80238291,2
80158247,28
60035875,2
70244982,2
70065769,2
70099702,2
80238637,2
80188777,2
80188777,1
80238293,2
80132381,6
80023851,2
70019491,2
70304187,7
60001670,2
80196367,14
70134669,2
80202728,80
80202728,81
80202728,82
80202728,48
80202728,1
80238294,2
80023853,2
80244078,2
80238190,2
70304188,7
70304186,7
70304189,7
70143440,7
20717860,2
80201833,1
80238295,2
80223190,2
70125935,2
60021903,2
70001564,2
70175127,28
70175127,83
80172471,9
80144119,20
80165917,2
70155788,2
80141767,26
80141767,20
70285730,2
80172469,1
80097530,1
80092404,1
80092850,6
80093127,6
80103734,7
80103734,1
81061410,1
60024935,1
80168189,1
80244709,38
80194946,24
80159025,26
81025973,15
81025973,6
81025973,24
80121387,6
80227090,38
81113918,2
81029736,14
81029736,55
81029736,7
81051688,28
81113921,2
80173387,1
81013112,1
70290904,2
70294793,1
81030855,28
80079473,1
80018328,1
80996787,6
80996787,14
80996787,20
81035881,40
81035843,40
81035837,40
80039136,14
81035884,40
81035863,40
81035858,40
81035882,40
81035859,40
80223226,34
81076055,1
80996790,14
80996790,4
80996790,34
80996790,1
70181716,1
70270388,1
80186608,1
80042309,9
80042309,14
80042309,7
80042309,13
80042309,1
80169554,2
80114804,12
80237423,1
70117293,1
70117293,9
80121841,1
81093122,16
70293788,1
81039384,2
70245034,1
80220676,1
80109341,6
80109341,9
80144311,24
80109145,21
80117455,22
80117455,4
80132626,3
80106124,1
81145270,1
81128584,2
80198478,9
80191989,8
80191989,1
80238434,67
80238434,24
80217569,1
80015210,1
80134080,1
81130373,84
81091378,24
81136964,1
80233215,19
80241779,7
80091936,3
80091936,1
81110498,9
81060096,24
81060096,14
80133553,1
70236020,2
81002747,1
81075239,37
80192018,1
80200015,1
80161640,1
80108952,8
80108952,26
80108952,14
80108952,6
80108952,1
80996192,1
81090899,7
81095399,2
80038207,34
80171598,2
80160994,14
80191356,7
80191357,7
80097641,24
80097349,1
80231602,9
26009364,1
26009364,6
80143794,1
70026432,1
80155477,1
80038420,1
81035849,40
80195901,16
80195901,4
80195901,1
80128245,1
80128245,7
80128245,31
80993655,4
80167644,1
80167644,62
80027041,7
80027041,1
81018067,26
81018067,1
80220422,67
81033473,34
81035870,40
60024788,34
80166185,2
81035877,40
81131274,2
81035876,40
81035875,40
81027187,14
81035871,40
80173234,9
80151644,1
80185223,1
70038131,1
70038131,14
70038131,9
70038131,34
81110386,2
80108430,1
70135893,9
70135893,1
70135893,38
80121844,6
80158750,3
80216302,1
80216302,11
81017094,1
80241071,9
80233611,38
80160814,24
80993404,1
81001090,1
81083891,1
81136963,7
80076698,4
80076698,22
80038159,1
80037691,1
80998296,28
80094358,1
80094358,7
80094358,34
80094358,85
81123052,2
81035887,40
81113927,2
70074315,26
80991033,2
80244547,37
80184100,1
80131280,6
80991026,8
80991026,45
80164206,30
80187684,2
80160726,19
80104706,37
80104706,11
80104706,28
80104706,12
80158770,9
70302844,1
80245601,19
80242619,1
70267830,1
81035841,40
81035841,60
81147766,1
81035889,40
81088277,21
81035874,40
81035883,40
81035848,40
80176756,1
80168221,1
70261178,1
81002929,1
80221016,1
80222188,1
80221640,1
60001104,9
60001104,1
80132601,1
80176866,3
80114989,4
80114989,22
81092768,86
81092766,86
70060018,1
70060018,48
70202141,1
81032375,1
352989,1
81062606,2
81092767,86
81092909,86
81070008,7
70098605,1
81077539,1
20129240,1
70108017,1
70011219,9
70011219,1
80097424,1
80203143,1
81068732,22
60026155,1
80994443,2
80245442,16
80190515,10
80190515,11
80190515,37
80190515,1
80048218,1
80048218,33
60033300,7
60033300,1
70011206,1
80998558,2
80168167,1
80245626,28
80196584,32
80196584,1
80157084,2
80158580,9
80108609,1
80144804,1
80106038,74
80106038,11
80106038,30
80106038,87
80106038,28
60000901,1
80158769,9
80158579,9
80158920,2
80107736,1
80148967,19
70057994,14
70057994,9
70057994,2
70057994,1
80156937,2
80158546,2
80156936,2
80121843,6
80158581,9
60023237,24
80093213,6
80103623,6
80032640,24
81098589,1
80221446,1
80221446,9
80991107,3
80048977,1
70189282,9
70189282,14
80119249,1
80117747,1
80004286,1
81039323,20
81039323,14
81039323,32
80192064,26
80176715,1
80168029,6
80245121,14
80245121,55
80245121,1
80177339,2
80170277,1
80097355,2
80097355,9
70122316,1
80099089,4
80099089,22
80099089,1
70303706,1
81039161,54
81039161,34
81039161,14
80240537,7
80240537,1
80997870,22
60001377,22
81151899,2
81017011,7
80999990,16
80999991,16
81000000,16
80162192,24
70074100,1
70224969,1
70261273,1
70250364,1
80198632,9
80198632,51
70278933,1
80093198,1
81018141,38
81015524,38
70124965,1
80999107,22
80992365,14
80992365,13
80195835,9
80171022,1
80192135,24
80236421,1
81092331,1
80173485,6
81028404,50
81028404,54
80198508,14
80198508,13
80228239,9
80155932,9
80155932,1
80994020,26
80049094,9
80049177,1
80025495,1
80025495,9
80025495,14
80023689,9
70278930,1
70278930,4
70278930,22
80038337,1
80053475,1
80999986,16
80022605,7
80022605,24
80022605,28
80022605,48
80029901,9
80029901,58
80037478,1
80007777,16
80999987,16
81000015,16
80999982,16
81005453,2
80999989,16
70218312,16
70218312,19
70218312,2
70218312,88
70218312,4
80185321,1
70298116,1
80213658,1
80232989,6
80014857,1
80145512,1
80225024,1
70108777,28
70108777,1
70259259,9
70259259,28
80017021,33
80017021,1
70099615,1
70034607,2
70118801,4
70118801,22
80213654,1
80158802,1
70117354,22
81036524,22
70025372,22
70025372,4
70123160,22
70123160,4
70299270,1
80017280,22
80017280,1
80155863,9
80107087,1
81035840,40
80195962,4
80195962,1
80195962,9
80186829,19
80013547,7
80115874,89
80115874,90
80115874,28
80115874,53
80115874,65
80244472,28
80244472,38
80190463,4
80190463,1
80190463,38
80164164,36
80164164,1
80997613,6
81092325,1
70053885,1
70301275,1
80073823,31
80073823,7
80073823,9
80073823,1
70299859,1
80027378,38
80027378,9
80027378,7
70266679,38
70266679,1
1005494,1
80998968,1
70272893,1
80232891,6
80180376,34
80183329,2
80192842,1
80154884,7
81113926,2
80217130,34
80167460,6
80028208,1
81155782,2
81003981,1
70042688,1
70109429,1
81011993,1
81153373,1
70262783,1
70293661,7
70293661,6
70293661,14
70266171,26
80095718,1
70257413,9
70257413,10
70257413,7
70257413,90
80988262,38
70295189,9
70295189,1
80993684,26
70257860,1
70257860,14
70171835,2
70171835,6
80993650,26
80993650,14
80993650,28
80049979,1
70267439,1
70293812,32
70293812,9
70293812,1
80113589,6
70298393,2
80191557,2
80096585,1
80106928,26
80106928,8
80106928,45
80064459,1
80102204,1
80014996,28
60003082,1
80081277,28
80081277,14
80081277,55
80081277,9
80081277,1
80149064,1
80171659,1
80097221,7
70306646,1
81011936,14
80167481,1
80214743,1
70270773,1
80991827,24
70300666,1
80044126,1
80148179,9
70301023,1
80221109,6
81145271,1
81024041,41
81024041,4
81024041,14
81024041,1
81044248,28
80221677,14
80221677,1
70084221,1
70084221,20
80120200,18
80993655,9
70299904,1
80171125,9
80171125,14
80106989,10
80106989,9
80044731,1
60010069,1
70084148,1
70101345,28
70101345,9
70101345,1
80238020,1
70128697,1
70044688,1
60035622,1
80117079,7
70001958,1
70066433,1
70098899,1
70098899,38
81121172,1
81121173,1
81121174,1
81121175,1
81121176,1
81121177,1
81121179,1
81121180,1
81121183,1
81121184,1
81121185,1
81121186,1
81121187,1
70265211,1
70109689,1
855084,1
70105369,1
60029369,1
80005738,9
60000415,1
70112731,1
70112731,33
81130297,1
60033320,1
81060038,1
60020745,1
18907685,1
81113468,1
70114342,1
70021661,1
70021661,53
70021661,9
70084795,1
70084795,4
60027701,1
60027701,28
60027701,7
70021654,1
70021654,53
70021654,6
70001777,1
80182447,2
70055855,2
70295560,1
80994575,2
60036112,2
80994424,2
80997402,7
80994423,2
80236278,2
80217136,1
80115118,1
80180851,2
80236279,2
80994573,2
70057519,1
80994425,2
60029032,1
81002211,2
70062158,2
80994419,2
80994426,2
80994574,2
70125939,2
80994420,2
70205125,22
70205125,41
70034610,2
80992111,24
80222256,1
80206917,20
80994421,2
70098332,1
80236280,2
80994572,2
80996349,4
80993648,2
70306701,1
80178940,14
80158301,18
70290905,38
80167699,1
80167699,5
80158390,2
80184770,26
80184770,6
80191358,7
80190946,12
80107948,1
80094964,17
80158481,2
70299811,2
70229498,2
20257393,2
80093106,6
80171528,4
80187467,17
80187323,17
80157132,2
80093104,6
80106979,1
80053140,1
80105672,27
80114700,1
80106139,37
80108386,2
80085300,90
80085300,89
80085300,52
80085300,91
81214114,1
80198623,34
81062853,2
80220814,1
81046962,1
80150242,1
80150242,7
80213403,1
80233024,2
1193180,9
70251894,1
80077923,1
80173542,1
80233408,6
70142888,1
70142888,14
70142888,20
70142888,9
81048548,92
81045052,2
81045052,49
80079428,1
80096786,9
80096786,60
80096786,65
80096786,66
80200744,1
80200744,7
80097725,1
70295415,1
80125627,2
81037970,21
81037986,21
81037985,21
80153895,9
70026431,16
80020885,21
80002667,1
80174974,34
80213400,1
80148595,19
70301484,30
70301484,10
70301484,11
80038358,7
80998427,62
80998427,11
80998427,13
81030789,27
80134893,1
81047683,9
81049950,47
80188596,4
80188596,22
70307659,1
70307659,2
70307659,33
80224476,28
80133549,1
80081958,24
70113347,2
80097389,1
80097389,11
80221639,1
70099120,1
81024718,2
81024718,17
21028726,1
80019930,1
81006825,24
81213891,2
498716,1
80220085,38
80244855,32
80244855,93
80244855,20
80244855,28
80244855,14
80134966,1
80220813,1
81048561,2
81026705,3
80122209,6
80109193,6
80117940,14
81047898,21
81047898,54
81057249,2
81047900,21
81047899,21
81047901,21
70261978,9
70261978,1
70261978,6
70261978,28
70261978,29
70261978,7
80099016,9
60024962,9
81031181,50
80107084,1
80196589,54
80125818,14
80192138,26
80239629,6
80239629,13
80180171,3
80180171,1
81023638,26
81023638,6
81023638,28
80190283,5
80190283,1
80148920,19
80233925,1
81021098,26
80194737,14
80192062,67
80193614,1
80117453,1
70296733,1
81026192,18
70109891,6
70109891,9
70109891,1
80003479,4
80003479,22
80163053,1
80208684,1
80124680,14
80214777,1
80079427,24
81026986,33
80149575,26
80144448,2
80100936,1
80192420,2
771476,9
80198056,1
80045818,9
80195429,1
80158485,1
80198661,1
80119375,1
70271454,1
70271454,9
70271454,14
70271454,28
70271454,34
80134721,1
81038976,19
80988257,24
81023713,2
80174219,9
80133139,1
80191988,67
80180373,34
80117452,1
80152003,1
70268449,9
70268449,40
70268449,1
81147285,1
70120142,1
70142824,1
70142824,2
70142824,47
70142824,41
70142824,7
70142824,9
81235729,1
80057599,9
80057599,14
80057599,1
81093113,34
80049358,9
80049358,1
70141971,1
70114021,1
70114021,9
70114021,14
70275751,1
70098902,7
70098902,1
80118718,9
80118718,6
80118718,13
60022265,1
60022265,28
81026003,2
60022413,6
80169611,42
81144867,1
81127333,1
60000878,28
60000878,1
60000878,9
60000878,7
81047445,17
81045085,17
81050190,1
81045065,2
80028965,67
80028965,24
80028965,1
81050191,1
80202078,2
81047446,17
81000511,3
80218104,1
81044856,21
81044857,21
80154682,1
80158543,44
80158543,2
80223136,1
80189955,9
80116307,3
80228321,2
80156940,2
80222177,38
80222177,33
80224233,16
80168300,9
80168300,1
80228282,2
70114977,28
80105342,1
80105342,9
80105342,20
70285683,1
80141338,42
80141338,53
80015154,28
80106440,1
80128690,24
80141337,28
70118799,22
70118799,4
70137753,22
70137753,4
81060049,1
70244163,1
81221851,51
70298946,1
80144144,24
80106504,1
80141335,1
80115030,1
70291114,1
81044299,2
70113534,1
80113667,19
80113667,14
80096955,1
81173792,1
81113919,2
70065107,9
70065107,31
80990532,1
80108149,53
80108149,1
70120182,1
80173395,1
80187307,1
80098203,1
80098203,29
80098203,19
80081960,64
80081960,65
81221873,1
81036539,50
81036539,9
80238293,6
80202273,1
80170870,1
81183491,2
70253597,9
70199239,1
80099306,1
484369,1
484369,48
484369,56
484369,38
80109128,9
80109128,1
80109128,84
80187188,19
80187188,2
80187188,4
80187188,1
80117811,1
70084788,1
60036237,1
60036237,7
80014637,1
80014637,2
60000407,1
70202138,9
70202138,1
81035731,21
81035731,3
81035731,54
1181488,1
70308046,1
80108158,9
60024942,1
60024942,7
60000891,1
70021648,9
70021648,1
1151188,1
374651,9
374651,1
70124183,1
70124183,7
70124183,14
60026106,19
60026106,14
60026106,28
70041162,1
70082268,1
70019004,1
70019004,28
70128701,1
1151721,1
60029363,1
80032636,1
60002003,1
1179574,9
1179574,1
81103093,1
60000393,1
60026114,1
60026114,7
70042687,1
70042687,28
523650,1
523650,14
523650,24
70104894,1
70100448,1
70100448,3
70118155,3
70118155,1
70044594,1
70044594,38
81088083,2
80180373,1
70065096,1
70065096,9
70065096,7
70000091,1
70000091,7
70000091,28
70019506,1
70150473,7
70131314,1
70131314,9
70284281,24
81084305,1
60021788,1
70112732,1
60021790,1
60031236,1
60031236,34
60032563,1
673843,1
1180086,1
281550,1
70125232,1
70125232,38
60000440,1
81217437,2
60000480,9
70021634,1
70021634,28
70112500,9
70112500,1
786137,1
60034568,1
70050507,24
70050507,6
70125581,1
846071,1
81140307,21
70128695,28
70128695,14
70128695,1
70128695,7
70128695,9
80095807,1
70121008,1
60000870,1
70260512,1
80135276,1
60035996,1
60000409,1
60022396,38
60022396,9
28631029,28
28631029,1
60022058,1
70077544,1
70077544,9
60023856,1
60023856,22
60029154,1
60029154,28
60029154,9
70103524,1
70103524,28
70103524,9
70103524,20
70021631,1
404067,1
70020296,9
70020296,34
70020296,1
70021652,1
70061763,1
70113006,1
70105370,1
60004484,58
60004484,1
60004483,58
60004483,1
5670479,1
5670479,28
5670479,24
60001807,1
793907,1
60001854,1
20159719,1
60024914,1
60000209,1
60033108,1
60021377,1
60033107,1
80066084,48
80066084,1
1067876,1
70117902,1
60001396,1
22007250,1
60020949,1
60020949,94
60020949,56
60011597,1
70100379,1
70100379,9
70209245,1
70045863,1
70045863,9
70045866,14
70045866,1
70045866,24
80999981,16
60022056,1
60022056,9
80016588,48
80016588,1
70011207,1
60027689,1
80239710,1
80108616,1
70084799,1
60010487,1
60011649,1
60010488,1
60004476,1
70299748,1
80214621,1
80245709,1
70117299,1
70117299,14
16944044,9
81045060,2
60031284,1
70256512,1
70058019,1
81046846,34
880640,1
81052279,2
81052277,2
60026139,1
70101375,9
70101375,1
408911,1
80195885,9
70307648,9
70307648,19
70307648,28
70174741,1
60023619,1
70023960,1
80201623,2
80202086,2
80201626,2
80195653,1
80084756,1
80084756,2
80084756,92
70117122,2
80197427,28
80197427,13
80197427,14
80197427,20
80197427,23
80197427,1
80084454,2
80208908,27
80167491,1
80206907,1
80202905,2
60035870,2
80074065,2
80201809,2
80228146,2
70169918,1
80201810,2
80221637,2
80221637,14
80197301,1
19207412,2
80217436,1
80201618,2
70128225,2
80020131,1
70286028,1
80020036,1
70301472,1
70286029,1
80138615,1
70297799,10
70297799,28
70297799,13
70297799,9
70297799,14
80131236,14
80131236,13
80184547,1
70116578,2
80202908,2
80184135,1
80139199,3
80208830,27
80201813,2
80155790,58
1065372,1
80159566,1
80201815,2
70114043,2
80154688,2
70060010,1
70060010,38
80011026,14
80011026,13
80117742,1
80147318,2
80152741,2
80097375,13
80097375,31
80097375,12
80097375,28
80097375,95
80097375,59
80118002,2
80118002,9
80118002,12
80118002,34
80118002,1
80118002,14
80118002,58
80092837,1
80092837,14
80092837,34
80092837,12
70242899,1
70242899,7
70053412,1
80131616,1
80174367,1
80217312,9
80217312,7
80117531,1
80153131,9
80991400,1
81059388,1
80231156,1
80231156,24
80191045,1
81029383,6
80178280,58
80178280,9
80119555,38
80119555,1
80158270,24
70302836,14
70302836,13
81034763,1
80151370,1
81010962,4
81010962,22
80094258,7
80201570,1
80225034,1
80044834,1
80216779,1
80201497,1
80134431,1
80198745,1
80198745,2
80198745,9
80167628,13
80167628,2
80167628,38
80059410,1
70252885,1
70252885,7
70252885,13
70252885,9
80157760,1
80065220,1
80124726,24
70301279,1
81002591,1
80123777,1
80123777,6
80123777,20
80109296,6
80109296,14
81017530,1
80190130,1
80226357,3
80061160,1
80061160,38
80133550,1
80103313,1
80103313,6
80092925,50
80094723,50
81010869,50
80188883,50
81045072,2
81010873,50
81010864,50
81010866,50
80175332,50
81047510,47
80011541,50
80065327,50
81010872,50
70123648,50
70127628,50
80050106,50
80134779,1
80159955,2
80013282,1
70167133,1
70039645,1
80213299,1
80214579,52
80214579,3
80214579,89
80214579,12
80214579,48
80214579,74
80119235,19
80039717,4
80039717,1
80039717,21
80039717,74
80039717,30
80039717,9
80039717,37
80039717,14
80039717,28
80039717,12
70278931,1
70278931,14
70305955,1
81051693,2
80109295,6
80109295,8
80071048,19
80002073,34
80021983,34
80002074,34
80100937,1
80023667,1
80191608,6
80119233,9
80119233,28
80100261,9
80992973,1
81026327,2
80224060,1
81027190,14
81071868,2
80013712,1
80013712,9
70292939,1
80057509,9
70202577,1
80118004,30
80003151,1
80003152,1
80012477,9
80003153,1
70296573,9
80236133,3
81069254,9
80223050,3
70251896,1
70251896,2
80198735,1
80134969,1
70166234,1
60031404,1
81031652,7
81031652,10
81031652,14
81031652,28
80217121,31
80217121,7
80217121,55
80217121,1
80117596,2
81060040,1
81005266,9
81063743,2
80219974,9
80177414,76
80226233,3
80098490,1
81024494,9
70176656,1
80214581,1
80223731,34
80211728,3
80121386,6
80158772,1
80152627,6
80152627,20
80152627,26
80149259,34
70307570,1
80081337,1
81057246,2
80175623,1
80222025,1
80222025,37
80222025,20
80222025,48
80161850,2
80107808,1
80123910,2
80103428,2
80113673,2
80013271,9
80013271,1
80013271,36
80989337,1
80191555,26
80184625,1
70100084,1
80106438,1
70295085,1
80159877,9
80159877,14
80159877,28
81043345,18
80208091,6
81052266,2
81067757,2
80095232,19
81067758,2
70002291,2
81050193,1
81067759,2
80045203,10
81043346,18
81045069,2
80216820,1
81026667,9
70056686,2
81067761,2
80992672,58
81050194,1
70109378,2
81043343,18
80988834,6
80144372,3
80201612,2
80202087,2
80201816,2
80201605,2
80201609,2
70116577,2
70121660,2
70120167,53
70120167,9
70120167,14
80201622,2
80201817,2
80082749,28
80065214,1
80152155,20
80167461,6
80157565,8
80157565,6
80157565,26
80157565,28
80157565,9
80157565,1
80157565,58
80157565,20
80157565,14
81071972,1
80244853,1
80167498,1
80227304,2
80081987,1
80134968,9
80134887,24
80046696,1
70118368,21
70118368,96
70118368,48
70118368,97
70118368,1
81012294,22
80013293,14
80013293,28
80013293,32
80241304,1
80147513,19
80103818,9
80103818,1
80174429,1
60022998,9
60022998,1
60022998,14
60022998,28
60003378,9
60003378,14
70132722,1
70132722,38
81045891,41
81059656,9
80080618,2
80994282,38
80220013,1
80065492,1
81050118,10
81048914,1
81048914,4
80220228,1
70101697,28
70101697,1
80106984,14
80106984,28
80106984,53
80106984,13
80104316,1
80104316,4
80208661,1
81063480,2
80199689,1
81059649,9
80205451,1
70045919,1
80141928,1
80198055,38
80195654,1
80195654,9
80170992,48
80170992,28
80170992,12
80170992,14
80170992,24
80163352,3
80217040,1
80172958,1
80171291,1
80234290,9
80005332,24
80005332,1
80060060,2
80060060,14
80091866,2
80017528,2
80095530,2
80093105,6
80093105,3
80093105,1
80127604,1
80156767,26
80159668,2
80152745,1
80167843,6
70306702,7
70306702,1
81004748,1
80174959,1
80225595,7
80225595,98
80160347,1
80098200,1
80098200,76
80081410,7
70117322,14
81157385,2
81033201,21
70253594,7
70253594,1
70266069,21
70035037,21
81016342,21
70152959,2
70144331,2
80178974,1
80157086,2
70089214,2
60020906,2
60002808,2
70129396,2
80156938,2
80156938,44
70087087,2
80156405,62
80103392,1
80098288,1
80098288,28
70103762,1
70103762,28
80223271,19
81016408,20
80201490,1
80993105,9
80993105,1
80195198,38
81003741,1
81172740,27
80223779,1
80223779,9
81068687,34
81172758,27
70120340,1
70120340,9
80126997,27
81172868,9
81002594,16
80185876,1
80117746,1
80142615,1
80115673,1
80105691,10
80244190,38
80187435,1
80104103,1
80004478,1
81188871,14
81188871,13
80211590,1
80988989,37
80988989,28
80117080,14
80042368,1
70211474,2
81213876,2
70056728,2
81161834,2
247747,2
70064205,2
80083672,2
60003405,2
70053010,2
70062701,2
81213889,2
70005055,2
352989,7
81213893,2
372195,1
20255593,2
70059328,2
81213888,2
60024927,9
60024927,1
20255837,2
70006866,2
20077944,2
20705133,2
21028086,2
22040803,9
22040803,1
70054380,2
60020236,1
20765027,2
81109078,1
81213885,2
70129075,2
70295531,2
17457622,2
20712279,2
70051840,2
81213895,2
24073896,2
81221913,2
70040912,2
81213979,2
70018445,2
81213897,2
81213882,2
81213882,7
81213882,1
81213882,4
81213896,2
60003097,2
81213887,2
896678,1
81217436,2
81221914,2
70072558,2
60002818,2
20257617,2
70059284,2
60001404,2
81213879,2
81213898,2
28371873,9
28371873,1
17016471,9
17016471,1
70065255,2
60021548,2
81217438,7
81217438,2
81213873,2
81213874,2
81213884,2
81045989,9
70059483,9
80108207,9
70043231,1
60004393,1
70026468,1
81031650,1
81006261,34
81045509,1
70298389,9
81045530,9
81045511,1
70266169,1
80210716,1
80230402,1
80230465,14
80168234,1
80221778,20
80221778,7
80221778,14
80184972,16
80184972,1
80208212,34
80208212,1
80218432,9
80115134,1
80098284,24
80087891,1
80022613,9
80022613,1
80163263,7
81078397,19
80221271,1
80103374,9
81167490,1
81012943,1
80044536,14
80044536,13
70301620,24
70213471,1
70132228,1
80194671,14
70253398,1
80185375,15
80185375,26
80185375,6
80097519,11
80097519,12
81024730,2
80151663,9
80244708,6
80082739,27
81228864,48
81094074,26
81094074,15
81094074,52
81044813,1
81044813,14
81044813,34
81029400,7
80141781,28
70253590,9
81150338,20
80013773,1
80013773,7
80098103,14
80098103,51
80211991,1
80182473,1
80214478,1
80182034,9
80182034,99
80083594,1
81164603,1
81000505,34
81045499,1
81164636,37
81164636,1
81037697,14
81037697,34
80208235,1
80219127,1
80052828,38
80052828,9
80052828,33
80052828,7
80052828,2
80052828,1
80244123,24
81104634,1
80171023,7
80171023,1
80107989,31
80107989,9
80107989,1
80168161,1
80158649,9
80134885,24
80136548,1
80097363,1
81014479,1
80989338,9
80131551,1
80119234,1
80229953,2
81108479,38
81172830,27
80999643,14
80999643,13
80196789,1
81020973,19
81019341,1
80223098,26
80132411,1
80132411,48
81172911,27
81172897,27
80174451,9
80174451,20
80174451,26
80174451,1
81001097,9
70270949,54
81008536,34
81036532,54
81036535,54
81036533,54
80232740,7
80107030,24
80107030,1
80163222,14
80163222,3
80163222,34
80142140,26
80117628,1
60030245,1
60030245,38
70271592,1
70271592,20
80046144,14
80046144,13
80046145,38
80046145,14
80046145,31
81036338,17
80058480,31
80058480,9
80058480,29
80058480,14
80058480,12
80206847,2
80164930,34
80164930,1
80115102,7
80115102,1
80098467,1
80098491,1
80098491,24
81018239,2
80205978,1
80189806,9
80189806,28
80189806,48
80155902,37
80206057,1
80105358,1
80108691,1
80166467,1
80218939,7
80175314,1
80039655,1
80023921,1
81070659,1
81045765,2
81018634,1
80039602,16
80039602,7
80039602,1
80090672,7
80012535,1
80012535,7
70137790,1
81048551,92
80058477,9
80058477,1
80058477,28
80058477,10
80058477,13
80058477,34
81039381,2
80026431,1
80013772,1
80013474,7
80013474,28
80013474,14
80013474,1
81016045,1
81016045,9
80232329,1
80000644,9
80000644,34
80000644,1
80145625,4
80145625,22
80145625,7
80144803,1
80127459,1
80125782,7
80125782,1
80074933,2
60021525,2
80057585,2
70224999,2
70224999,28
70181734,2
80205232,34
70254352,2
81213153,1
81213153,48
81213148,27
70134537,2
70001237,2
70114467,2
81213149,73
70110883,2
60004509,1
70262614,2
70202336,2
81025946,1
81036745,50
80188902,9
81045054,2
70117674,2
80104116,1
80197310,1
80220783,2
80177441,1
80218586,2
80210182,1
80018252,1
80018252,100
80203788,2
80227673,2
80218784,2
80218783,2
80223049,2
80217545,1
80203784,2
80106230,3
80106230,4
80106230,1
70003680,24
80216662,1
80093295,28
80142450,9
80087348,17
80098810,37
80098810,28
80098810,14
81221873,19
81221873,7
80085567,58
80240715,24
80240715,1
80222301,48
80222301,1
80104182,1
81001887,1
81172747,27
81172757,27
70243446,7
70243446,14
70243446,1
81210770,41
81210770,34
81210770,12
81060232,9
80158871,1
80139397,9
80107019,13
80107019,14
80191835,9
80191835,2
80191835,11
80124728,24
80020772,9
80020772,1
70290567,1
81037373,2
81037373,9
81037373,7
81037373,1
80065754,7
80205065,38
80194612,1
80104420,1
80039517,1
81035888,40
81036542,1
81001121,34
81001121,1
80144453,38
81009829,1
81148811,1
18066997,1
60023608,1
1153656,1
21302357,1
81217745,2
80011622,1
81165325,50
81217746,2
70023451,1
80182479,2
81217741,9
60024161,1
873159,1
81217747,2
70229213,11
70229213,9
70229213,74
80191294,1
80191294,7
70021640,1
70044689,1
80208793,1
81217742,2
81169158,14
81149202,86
81149202,5
81149202,76
70216819,4
70216819,22
70124651,22
81002685,30
81002685,10
81002685,12
81002685,11
70285697,22
70285697,4
81018536,9
81030201,22
81024726,2
81015153,47
81030198,22
80017265,22
80017265,4
81024716,38
80106306,22
80106306,4
80106306,1
60034549,1
80135353,4
80135353,22
70126809,22
80127645,22
80187471,2
81030200,22
81030197,4
70104313,1
80166319,1
80158854,1
80158854,14
80203781,2
80203792,2
80191930,9
70170181,2
70170181,1
80173001,2
80173001,24
80171247,101
80171247,28
80171247,14
70286808,14
70135647,1
80201828,2
80201828,32
80203787,7
70236586,9
70236586,2
80191513,33
80191513,86
80176212,1
80113785,2
80152091,1
80118982,45
80149139,2
80114915,1
80104240,1
907090,1
907090,102
80149282,2
80154176,34
80154176,1
80073100,1
70253397,1
81074367,2
81091977,1
80245357,26
80245357,6
80128691,1
70183165,1
70183165,54
70183165,22
80165487,3
70297144,3
81065902,1
80195838,1
81112446,2
81088318,1
80080617,1
80203996,2
80203998,2
80203997,2
80204117,2
80204119,2
80204118,2
80163368,47
80184868,1
80044888,50
80050006,1
80002621,1
81145273,1
81001278,1
80165221,1
81035835,40
81143771,1
81143771,34
80208295,24
80138681,14
80138681,4
80138681,7
80167488,22
80142222,4
80142222,22
80156927,4
80156927,22
80108759,1
80057578,14
80018296,14
80018296,13
70303426,2
80104648,2
80992995,2
80234491,4
80234491,34
80124724,24
80168079,1
80155475,9
80155475,14
80155475,13
80155475,1
70254350,2
70254350,53
70033611,22
80997863,22
80114719,6
80042182,9
81091381,67
81141694,8
81141694,1
80209658,6
80994162,12
80174897,1
80173176,6
80173176,28
81167494,1
80999781,1
80997400,19
70292992,9
70267834,1
80193491,1
80184834,1
81046796,1
81002601,25
80177776,2
81016192,2
81016194,2
80059505,1
80163159,7
80163159,6
81140577,1
80108234,22
80152442,1
80161232,8
70275600,14
70275600,13
70275600,6
80097431,1
80057691,1
81003736,1
70293130,1
60000677,38
70012316,34
70304914,1
70298926,10
70298926,28
70298926,13
70298926,9
70298926,14
70298926,11
70298926,1
80164392,38
80122759,1
80163366,47
80115152,26
80048569,9
81036530,22
81145277,1
80245450,2
81008272,7
81012978,4
80144145,1
81155859,2
81155858,2
81147910,4
81147910,41
81155802,2
70285728,37
70285728,28
70285728,51
70285728,55
70285728,13
70285728,14
70285728,1
70274390,12
80224150,31
80128689,1
80185322,1
80163054,7
81151880,2
81151880,18
81151877,2
81151877,18
81151878,2
81151878,18
81144912,50
81016193,2
81016196,2
80201175,2
81016191,2
80199962,2
80134952,1
80134952,7
80163407,47
80163265,47
60021787,1
60021787,20
80162179,1
80115686,2
70242938,24
22469949,1
81155803,2
70139075,2
70139072,2
70267490,1
80087354,1
70111162,2
80099083,2
60003290,2
70139074,2
70303432,2
70303424,2
70139071,2
70219529,2
70056059,2
70114589,2
80104257,2
80997865,22
70123124,2
70047320,2
70229043,2
80087743,2
70139078,2
70229041,2
70187503,2
70075775,2
70204316,1
80234464,8
80209558,8
80209722,8
80153897,4
80138469,4
80118930,1
80202810,6
80201039,1
80201039,38
70177633,1
80146805,9
80146805,14
80146805,13
80087352,1
80173606,6
80173606,24
80203147,1
80223582,3
80190984,7
81092330,9
81092330,1
80021840,1
80231419,1
80235578,6
80243541,2
70033644,22
80039484,22
70059191,22
11546798,22
70014531,22
70026792,22
80997789,22
80997867,22
80039662,22
80039662,4
80997862,22
60027334,22
80999983,16
70111922,22
80997859,22
70130432,22
70033579,22
70100527,22
80997857,22
80997793,22
80997861,22
70299867,1
70299867,34
81154987,2
81122206,41
81004321,19
80209061,7
80209061,1
81002212,2
80176707,1
80176707,2
80199381,1
80202176,1
70123118,2
70123118,103
70123118,34
70123118,60
70123118,24
70123118,104
70123118,58
70123118,50
70123118,48
70123118,11
70123118,1
70123118,15
80185166,1
80068219,1
70209163,1
70209163,7
80163191,7
80184661,1
80184661,26
80078761,9
80114111,1
70308278,1
70308278,105
70308278,106
81147274,2
80039439,1
80044804,1
81147278,2
81146011,1
80162142,9
80100772,1
80188580,1
80106737,24
80142058,1
70044256,1
70113636,1
70237054,1
70301469,1
81005454,2
81005454,66
80223371,9
80223371,14
80223371,1
80175147,1
80239831,1
70296443,1
80168033,9
80168033,1
70121522,2
81065784,40
80124099,5
80124099,1
70119812,1
70119812,9
70119812,38
60032685,2
70006816,2
70236587,2
520489,9
70266677,1
70266677,7
60010514,1
70301367,1
70301367,38
80014727,9
80014727,3
81050688,2
80081505,9
60022700,1
915927,1
916043,1
60010836,1
916061,1
60025674,1
70039168,1
70039168,28
70039168,38
81103092,1
60031278,1
60001363,1
60026477,1
80094096,2
81085824,9
1171655,9
1171655,1
80993489,1
70033643,22
70233317,1
80997858,22
80238607,1
80039485,22
80039485,4
80998560,2
70043379,4
70043379,22
80232892,26
80232892,14
70124268,24
70124268,1
80998564,2
80997864,22
70142792,22
81002214,2
80993656,26
80998568,2
80998565,2
80998566,2
81002215,2
70105338,1
81014824,17
81013200,2
80041339,1
70105371,1
60022962,9
81002213,2
80190147,1
80190149,1
80195886,2
80190148,1
80147321,7
70248183,28
70248183,1
70248183,22
70248183,54
80151962,31
80190146,1
80114501,1
80187107,38
80167646,8
80167646,14
80185861,9
80081374,14
80109260,1
80104552,38
80108996,1
80109248,9
70222860,1
81026677,1
80202076,1
80094357,28
81074135,2
80169549,2
80091879,1
81091424,2
80208951,48
80208951,4
80208951,1
80208951,13
80105690,6
80105690,26
80134527,1
80989339,6
70295170,1
70295170,23
80130625,1
80096984,1
80222823,6
80222823,67
80209895,1
80189646,1
80226962,24
80226962,1
80161104,24
80161104,6
80191990,26
80191990,48
80191990,38
80191990,1
80098839,1
80232502,1
81088786,1
81086435,2
81086435,9
81091423,2
81091423,1
81034317,1
80185032,1
80119177,5
80231064,18
80227118,18
80227115,18
80227115,2
80227113,18
80227116,18
80227119,18
80227114,18
80194610,28
80194610,9
80038443,18
80231065,18
80161109,1
81029737,22
80227677,1
81092327,7
80231066,18
80231066,107
80231066,40
80231066,64
80231066,108
80175333,2
80198419,14
70130142,22
70130142,4
70130142,54
81062674,21
80217689,14
80235025,1
80164904,2
81015498,3
80157889,2
81094082,2
80048940,7
80048940,9
80048940,1
80048940,38
80048940,4
80128715,1
80164212,7
80164212,1
80096782,9
80096782,1
80164864,1
80162993,6
80162993,58
80183328,1
81035872,40
81035865,40
70260989,9
70260989,30
70260989,10
70260989,28
70260989,11
80992501,67
81076251,18
81093925,2
70126573,1
70242568,38
80217772,28
80164088,1
80081278,38
81066244,50
80991404,1
80991404,9
81035873,40
81035862,40
81094665,1
81035878,40
80174683,1
70103759,1
80182411,1
80205442,19
80226424,3
80158042,2
80117684,48
80117684,1
80117684,28
80106337,11
80133552,1
80133552,97
81077451,2
81014345,1
81014345,9
80158976,1
80238655,1
80238655,38
80238655,48
80238655,9
80003150,1
70296578,9
70296574,1
70309257,9
80012520,1
80012520,9
80012520,28
80012520,2
80012520,29
80012520,20
70219642,9
80118916,1
80146759,1
81073387,10
80207606,7
80192186,1
80216834,7
80216834,1
70241596,1
80174097,1
81076749,2
81066961,47
80174687,1
80015799,1
80036657,9
80036657,1
81037733,1
80112518,9
80112518,14
80112518,13
81033430,2
81033430,1
81035851,40
80202920,1
81088285,1
81080942,20
81080942,14
80187301,19
80215782,22
80215782,4
80172000,1
81035844,40
81035842,40
81035860,40
81035846,40
81035854,40
80097516,28
80097516,7
80164465,1
80117484,1
80017099,9
81043542,18
81026329,12
81006826,24
80029368,1
70222859,1
70261674,9
70045274,1
81034599,1
81090128,1
70114022,1
80180225,39
80180225,14
80180225,51
80180225,1
80015794,1
81088700,2
70043149,2
70040077,2
70040077,14
60031998,2
60036103,2
81086641,2
70027133,2
81086640,2
81009808,7
80189853,9
80189853,4
80189853,7
80189853,21
80189853,54
80189853,1
70059700,1
70142918,1
70142918,7
80081790,9
80015280,28
80141253,28
80141254,28
80141254,54
80160081,20
80168301,27
80064273,1
80098475,13
80098475,14
80058247,1
81060043,1
81024557,1
70124562,9
70124562,7
80156683,14
80156683,13
80141185,6
80126569,1
80171982,6
80171982,24
70150437,14
70150437,13
81041391,14
81041391,12
81041391,54
81018120,6
80152625,1
80175421,14
80108518,2
80172002,1
81019144,21
81019144,54
81043540,18
81043541,18
80170483,2
81019888,1
80133153,67
80149145,24
80149145,1
81044884,3
80106743,1
81087095,7
81026007,19
80244078,28
80158875,9
80142474,1
81086434,2
81083791,7
81088282,1
70167072,1
70058016,1
70058016,28
70077557,1
80233085,1
80233085,4
80210602,1
81088283,31
81088283,1
81088283,14
80141156,4
70077546,1
70063591,9
70063591,1
81052280,17
81052280,33
70110558,1
70110558,28
70110558,9
60020916,1
60029178,1
80103336,1
80103336,4
80207445,2
80209751,1
80063773,1
81088284,9
81088284,34
70061480,1
70061480,7
80987611,2
70060380,1
80202808,26
80202808,19
80202808,14
80202808,51
80202808,28
80202808,10
60010082,1
60033788,1
60033786,1
60033787,1
60022255,1
60022254,1
70020048,1
284890,2
80226076,10
70115621,2
80103383,1
60011619,1
80041337,1
80041337,2
60033223,2
607931,1
70298251,1
60002111,2
80190215,1
70000196,2
80245519,2
80245329,2
70083535,2
70039405,2
60000722,2
80245518,2
80124313,2
60036359,1
80049281,1
80049281,9
80049281,6
80049281,3
70084328,26
70099610,9
70099610,20
70099610,14
70099610,1
80156408,9
80156408,7
80156408,1
80172938,1
80172938,2
80131414,9
80131414,36
80170612,2
80144890,19
80106786,28
80115101,1
80141261,9
80158482,2
80081955,1
70302835,2
80125512,7
80125512,1
70205014,34
80158479,2
80100054,6
80104237,26
80093107,6
80085439,1
80011846,1
80064521,1
80064521,31
70197049,1
80020542,1
80020542,34
80020542,9
80020542,14
80020542,3
80020542,21
70205012,34
70205012,67
70205012,24
80108561,9
80108561,7
80108561,34
70242310,1
70242310,31
70242310,9
70242310,53
70242310,58
70242310,14
70242310,7
70242310,6
70242310,67
70242310,24
80175619,34
80144355,1
80144355,38
80144355,24
80144355,6
80144355,63
80144355,34
80144355,7
80144355,19
70143825,1
70143825,14
80066080,1
80066080,9
60001761,24
80133311,1
80027042,1
80018046,6
70242081,1
70143864,1
70245163,9
70245163,1
70245163,14
70245163,7
80023644,9
80023644,1
80179201,9
80179201,7
80179201,38
80179201,1
80179201,34
80007778,20
80007778,1
80007778,13
80007778,7
80062047,7
80103318,34
80103318,28
80103318,14
80103318,7
80103318,1
80171362,1
80171362,38
80171362,7
80171362,9
80171362,14
80171362,58
70180293,7
70180293,9
70180293,1
70180293,67
70180293,28
70180293,20
70204981,34
70204981,20
70204981,14
70204981,54
70204981,7
70204981,1
70204981,76
70204981,31
70204981,11
70204981,24
70204981,67
70142436,9
70142436,1
70142436,3
70142436,4
80176929,3
80176929,19
80176929,24
80176929,34
80176929,28
80063224,9
80063224,28
80164216,14
80164216,3
80164216,34
80115328,2
80115328,1
80176842,3
80176842,1
80126599,18
80126599,42
80126599,16