show_id,director_id
81145628,1
81145628,2
80125979,3
70304989,4
80164077,5
80164077,6
70304990,7
70299204,8
70299204,9
80057969,10
80060297,11
80046728,12
70304988,13
80057700,14
80045922,15
70241607,16
80988892,17
80988892,18
80239639,19
80159586,20
80152447,21
81154455,22
81052275,23
80058026,24
80058026,25
70303496,26
80162141,27
80162141,28
80095641,29
80159880,30
81016044,31
80158838,30
81016045,32
70142798,32
70142798,33
70142798,34
70142798,35
70142798,36
70062814,32
70062814,35
80158839,37
80147760,38
80177405,39
81160036,40
81173255,41
81078908,42
81155784,43
80201906,44
80052612,45
81054495,46
70212504,47
80187061,48
80187061,49
80198585,50
70233894,51
81011955,52
80128722,53
80104068,54
80019931,55
80200087,56
81002850,57
81004470,58
80157072,59
81002864,60
81016750,61
81002866,62
81002866,63
81132443,64
80231903,65
80231903,66
80231903,67
80231903,68
80231903,69
80231903,70
80231903,71
80231903,72
80231903,73
80231903,74
81012295,75
80060037,76
60003155,77
60003155,78
81177238,79
70270775,80
80215923,81
80151483,82
80173625,83
80173625,84
80173625,85
81075519,86
80166318,87
80166318,88
81186758,89
81186757,89
80108976,90
80208155,91
80162144,92
81053953,93
81074113,94
80992496,95
70304191,96
80103311,97
81176200,98
80208906,99
80208906,100
80106966,101
81080769,102
70267838,103
80211380,104
80196586,105
80099204,106
80059432,107
81172721,108
81172727,109
70153543,110
81172728,111
80102952,112
80102952,113
80243600,114
81122669,115
81000389,116
81000389,117
81132439,118
80150502,119
80119815,120
80119815,121
80203776,122
80143797,123
80161931,124
80017275,125
81107545,126
70118953,127
70118953,128
80190449,129
80190449,130
80163156,131
80149143,132
80987075,133
80192815,134
80066798,103
81147293,135
80991316,50
80190588,136
70124316,137
70229037,138
80037280,139
80058248,140
70307661,141
70117312,142
80092885,143
80108371,94
70129452,144
70129452,145
81030342,146
70054723,147
81131761,148
81016326,149
80227777,150
81018233,151
81016317,152
81016337,153
81018234,154
81018235,155
81018236,156
81018237,157
81018238,158
81018238,159
80067522,160
80192149,161
80142637,162
80192014,163
80192015,163
80202129,164
80088910,165
80088910,166
70290909,167
80033772,168
80033772,169
81093951,89
80238013,170
81089941,171
81000011,172
80217733,173
80999985,174
80999985,175
80999985,176
80999985,177
80188120,178
80164779,179
81092328,180
81183572,181
81037283,182
80244973,183
81132438,184
81161230,185
81002412,186
81023636,187
81023636,188
80198046,189
70267728,190
81001000,191
80158670,192
80244019,193
80162143,194
81060174,195
70130445,196
81001494,197
81001494,198
80991570,199
80184129,200
60000861,201
1151375,202
80187228,203
81031008,204
70099119,205
70039185,206
81165769,207
70056433,208
70113003,209
60031232,210
80032842,207
81137482,211
81137482,212
70043308,213
70043308,214
81165771,207
70044697,215
70105368,216
81141689,217
1008581,218
70058023,219
81165786,207
81165770,207
70043303,220
70136074,221
1153194,222
70112730,223
81158575,224
81065786,225
70087541,226
81004113,227
81003984,228
70024088,229
81005312,230
80082969,231
80994130,232
81019924,233
81018240,234
81013710,235
70077076,59
81014988,236
80102950,32
70055221,237
81005314,238
80242828,239
81004223,240
80198730,241
81016043,242
17672040,243
20254278,244
70276596,245
80063025,245
70068739,246
70068739,247
80156941,244
70052492,248
70036200,248
70018513,248
80158480,249
80139506,250
80205314,251
80158545,252
80156939,253
80152537,254
80045673,254
70275937,254
70101321,255
70108386,256
70074559,257
80162197,258
80162197,259
80160358,260
80160358,261
60034929,262
80157134,263
80157134,253
80141891,264
80141891,265
80183897,266
80177834,267
80121855,268
80168028,269
80190990,265
80190990,264
80173269,270
80106140,193
80106137,271
80114155,272
80118841,273
80102579,274
80114419,275
80103426,276
70278877,277
80244311,278
81183570,279
81016328,280
80239503,281
81016321,282
80995737,283
81020161,284
80025390,285
80196216,286
80115464,287
80041653,288
81016338,289
81002592,290
81017724,291
80170301,292
81177367,293
81016323,282
81016318,153
80242081,294
80168222,295
81158574,296
80237905,297
81132440,298
81021243,299
81021243,300
81004460,301
81016330,153
70105130,302
80141858,303
81084225,304
80203920,305
80199806,306
80084834,307
80208273,308
80145699,309
70266684,310
81166978,311
81177371,312
70067230,234
80207446,313
80207446,314
80207447,315
81016324,153
80192097,316
70002129,317
80191963,318
80218099,319
80199767,320
80191665,321
80161921,322
81148672,323
80224362,324
80092857,325
81110394,326
80067754,327
80189954,325
80094648,328
80066073,329
80123740,330
80123741,331
80123742,332
81000863,333
81000863,334
70082255,335
80117454,336
80095197,337
80045783,338
81123469,339
80990221,340
80202352,341
80235268,342
81025088,343
80173479,344
80081372,345
81136744,346
81132444,347
80182014,348
81018455,349
81110383,350
81018183,351
81018183,352
80064515,353
80062011,354
80062011,355
80062011,356
80062011,357
80062011,358
80062011,359
80062011,360
80062011,361
80062011,362
80062011,363
80062011,213
80062011,364
80062011,365
81034741,366
81075461,367
81075461,368
80205231,369
80158919,370
80158919,371
80017261,372
80186796,373
81071891,374
80224536,375
80994444,376
80017286,377
70295169,378
80039050,379
81027753,380
15815343,381
70295176,382
81043190,383
80131240,384
80131240,385
70170182,386
70082633,387
70049619,388
80211135,389
70109884,390
70176967,391
70198040,392
80038442,393
80091310,394
70114484,153
80117443,395
80010717,396
81020005,397
81020005,398
81035748,399
80135164,349
80135164,400
80113669,401
81094801,402
80218973,376
80235999,403
80235999,404
80017240,403
70118859,405
80236778,406
80236778,407
80236470,408
80236470,409
699257,410
80236574,407
80039069,411
80046779,412
60001650,413
81172848,414
81034575,415
80226951,416
80232279,417
80239666,418
81011973,419
80144152,420
81035749,399
80148162,421
80171705,422
81172729,423
81172895,424
80206910,425
81132442,426
81172723,427
80990336,428
81172909,429
80994011,430
81172902,427
80998890,431
81047903,432
81026343,433
70125931,434
70235768,435
80177406,101
81053240,436
80043834,425
81157840,437
80244900,438
80211134,439
70271601,440
80204433,441
80089199,442
80043049,443
80044545,444
80070182,445
80070182,446
80176234,447
80992769,448
81025935,449
81020508,26
80201824,450
80203782,451
80201829,452
80126016,453
80202089,454
80203789,455
80193423,456
80201825,457
80028360,458
80203783,459
80142617,460
80201823,461
80190841,462
80115858,463
80158547,464
80206827,465
80202090,466
80203790,467
80158391,468
80201822,469
80123743,470
70258995,245
70208801,471
70260383,471
80123744,472
70105699,473
70124999,473
80990869,474
80187205,475
80097472,476
80075009,477
70280748,287
81034012,478
81034012,479
81019031,480
80148070,481
80155812,482
80183198,483
80164456,484
80174434,377
80075476,485
80158148,486
80239565,487
81021082,57
80240972,488
80103282,489
80134526,490
80127559,216
80005501,491
81132441,492
81078819,493
80223997,13
81191666,494
81133621,495
81038598,496
81016322,282
80147323,497
80210932,498
81015317,499
81015317,500
80205204,412
70235731,501
80003481,502
81168338,503
81103033,504
60002273,505
70297962,506
269880,507
60029167,507
60020891,508
347365,509
60003242,484
60027726,484
81166946,510
70023961,511
60027716,94
70287957,512
81168345,513
60020892,514
81164752,515
60028097,516
70065112,517
70083108,518
70083108,519
70184050,520
81168347,521
81003460,522
81168348,521
70095135,523
81168340,524
60023597,413
81002876,525
70058017,526
70058024,430
70011211,430
70271599,527
70020699,528
60003540,529
60003540,530
1181550,531
70170051,532
70021630,533
70021630,534
81043753,535
60001761,536
70041963,537
70058025,538
70058025,354
70128696,539
70077542,540
81168342,541
81165772,207
510854,542
60000921,542
81168343,543
70044605,544
18021979,545
18021979,546
81168344,547
70020750,377
70105596,548
60037022,549
60034571,215
70053456,550
80173150,551
80173150,552
81168341,553
81168346,543
80137461,554
81012857,555
70123116,469
80190101,556
81024712,557
70112494,558
80215922,559
70113306,560
70113305,561
80032472,562
70181653,563
80048200,564
80032474,565
80032476,566
70127589,567
80104130,568
80032473,463
70090035,569
81024713,570
70117268,571
70211216,572
70211216,573
70140322,574
81024696,463
70303428,575
70125882,576
70101039,577
70123121,578
80152182,579
70229042,580
70042756,581
80187618,582
81024704,565
70229047,583
70229555,584
70213515,585
81018563,586
81018565,586
70114948,587
80190103,433
81024729,588
80032477,589
81024711,590
81025908,591
70303495,592
70303429,593
80084768,594
70096752,595
70096752,596
70229046,596
70229046,595
80084767,597
81024701,598
70229048,599
70292836,600
80141767,601
70139542,602
70039175,603
70225597,556
70123119,604
70150437,605
80084667,606
70099118,607
81024705,608
80198771,609
80062096,610
80062096,611
70291096,612
70130483,613
80031038,614
80065930,615
80112370,616
80112370,617
70165189,55
70197459,618
80095193,134
70246439,618
80158155,134
80158155,618
80158155,617
80063617,619
80202503,620
70257412,377
80118280,615
80135360,92
80135360,621
70286355,622
80150246,623
80017272,213
80017272,624
80017272,625
80017272,626
80017272,627
80017272,628
80017272,629
80017272,630
80017272,631
80017272,632
80075828,633
80095089,55
80208176,634
80208176,635
80116741,636
80063290,637
80063290,638
80162195,639
80106036,640
80198687,641
80162246,642
80162246,643
80112371,644
80112371,645
80112371,646
80208413,647
80094453,648
70153553,649
80098709,650
80092849,97
80107372,586
80138584,651
80106138,652
80038288,653
80109089,654
80109089,655
80061797,656
70206821,657
70206816,658
60022914,659
70206818,660
70206819,661
70206822,662
70206820,663
70206823,664
70206824,665
70206825,666
70206826,667
81029831,668
80194289,669
80191219,670
80190859,671
70243445,672
70243445,673
80201542,674
81079723,675
81003058,676
80236993,677
80236993,678
80057565,679
81002596,680
81002597,681
80148275,682
80127886,683
80080491,684
80046777,685
60024976,686
80173002,687
81092045,688
81034600,689
81058497,690
80167628,691
81165326,692
81053961,572
81029848,693
80204460,392
70209267,694
70306305,695
70262831,696
70113005,697
70052286,377
80114460,698
81206389,699
80117461,700
80117461,701
80117461,702
81213894,703
80238204,704
80230507,705
80990725,706
80990725,707
81016327,708
81004245,709
80057969,284
80057969,710
81039383,711
81018377,712
81021528,713
80991809,714
80991809,715
70117294,716
70117582,717
81082007,718
81172754,719
81120982,720
81227195,721
81172899,722
81172908,723
81172901,109
81033086,572
60020826,724
80226242,725
70101696,726
81194544,727
81177504,728
81177504,729
80175798,528
80239961,730
80219019,731
81062293,732
80235524,300
81215481,733
81215481,734
80147529,735
81018860,736
81018860,737
80141787,738
80049871,739
81218079,740
81218079,741
60028294,742
80125671,743
80174220,744
80174220,745
80103512,746
60020948,747
60020948,748
70235384,749
569355,750
60022645,751
80196379,752
80198859,753
80159876,754
81218074,755
81218074,756
80199682,757
80203522,758
80203522,759
80107037,232
80107037,760
80077402,761
80107219,232
60023606,762
81026188,763
80080109,377
80080109,764
80988835,765
80208104,766
80134827,94
80127558,767
80158084,768
80124725,483
80124725,769
70267398,770
80108983,771
292118,772
70003046,773
80221584,774
70053833,348
70122722,775
70122722,776
81217738,777
80081990,778
60004471,218
60022413,779
70058022,780
60022502,539
80244683,781
80028357,782
81217739,783
60031884,784
70117289,785
28631236,786
70121502,787
70215455,788
506464,789
60003508,790
70105132,690
60004083,791
70087538,792
1181661,793
60011552,794
70044693,795
70173046,796
70039187,797
70044686,798
80989043,325
81021831,61
81021832,60
80239932,799
81214223,800
80027560,800
70135899,801
81215437,802
81215438,803
81215438,804
81214187,805
80160987,806
81215439,807
70178618,808
70292700,809
81214214,810
81020531,811
80242446,812
80085566,813
80124722,103
70243696,814
70243692,815
81073633,816
70230138,574
70230138,817
70083532,818
80177865,819
80117534,820
80115031,821
80115031,822
80079470,823
70127998,824
80160759,825
80209608,826
80182622,9
80175694,827
80016471,828
70189289,829
80013267,830
80046819,831
70293315,832
80177400,833
81037898,834
81004099,835
80200267,836
80200267,837
70113538,838
80244457,839
81196441,840
81162089,841
81217737,842
81076114,575
81076114,843
80093820,844
80183187,845
70124331,846
81217749,847
81217749,756
70291121,848
81035105,849
80224054,555
81038832,850
81035109,851
81030893,421
81035104,852
81035104,853
80075824,854
80075824,855
81035108,856
81035107,857
81028556,858
81028574,859
81028574,860
81028560,860
80196044,861
80122177,862
80122177,863
80136925,864
70040076,865
70040076,866
80117532,867
70260514,868
80127995,795
81156627,869
81096745,870
80191804,700
80191109,148
80004534,871
70213466,872
80222787,873
80147403,874
80058424,875
81078466,876
80060034,59
80205085,877
80205085,878
70117297,879
81152923,880
80131563,322
80091658,881
80237420,882
70174733,574
80183088,883
80183088,483
80198018,884
80127990,885
80134279,886
70044870,887
26597413,888
80245356,889
18002692,890
81024100,891
60027583,892
60027583,893
60002033,894
70046968,895
81154982,896
81063129,897
81074542,898
382650,899
70044705,900
449931,901
70189289,902
80215046,903
60036838,904
81179693,905
485218,906
1192866,907
11819434,908
11819434,909
516788,910
70048968,911
542137,912
542137,913
60021796,742
60031247,914
60000577,915
81083786,916
80153894,917
1179333,918
70118779,210
653673,919
70020947,920
70117305,921
701346,922
709163,923
709380,924
1150871,925
70082264,926
70082264,50
1179583,927
70044595,928
60011729,929
60011729,930
70044883,931
60021590,929
60023638,932
70031792,933
70100383,934
60002403,935
17236920,936
923574,292
81152930,937
973861,938
70058796,939
70047101,790
81189396,940
81189396,941
70093991,942
60033247,943
70060000,944
70295067,945
70031779,946
1178866,798
60033312,936
684847,223
81150305,947
20557937,948
20557937,949
60027695,948
60027695,949
60031303,948
60031303,949
848915,950
60022980,951
60003961,952
70060005,953
70084791,954
70084791,955
70123542,956
70107499,957
70123117,958
70100644,959
80057750,864
70229045,864
70139073,960
81024731,961
70219525,568
16914787,962
80039595,963
70123120,964
80224055,555
70052249,387
70052249,965
70084775,966
70114588,967
70185139,968
80232501,969
80210147,970
80224606,971
80058851,565
70219528,959
70241088,972
70068799,439
70229044,454
70254349,973
70254342,974
80084838,975
70254346,976
70229040,600
70056663,977
80067906,391
70071832,568
70273401,871
80097390,978
70106268,979
80039594,980
70139076,959
70109758,981
70123126,982
70303431,983
70254351,984
70275076,985
80189997,986
81015100,987
80076581,988
81025404,989
80182949,990
70060017,991
70266675,992
80155792,993
70108590,994
70185141,995
80201826,996
80158388,997
80203778,998
80201820,999
80103312,1000
80202605,1001
80202605,1002
80203791,1003
80079229,596
80079229,595
80080145,1004
80157797,1005
80032364,1006
80203786,1007
80032097,1008
80156684,50
80174727,1009
80201827,1010
80179288,1011
80203780,1012
80216215,1013
80211371,975
80144358,1014
80097360,1015
80097360,400
80093212,1016
60000545,1017
80025702,1018
80025702,1019
80156369,1020
1145882,1021
70288423,1022
70290568,1023
70290568,1024
70141644,1025
81035836,1026
81044103,1027
81072917,1028
70142542,1029
81035855,1030
81035845,1031
81035856,1032
80134780,1033
80221308,1034
80213657,101
80217133,1035
80059440,1036
80059440,1037
70118125,1038
70118125,1039
81016592,1040
81067760,1041
70172928,787
80101493,412
80235472,1042
80177300,1043
80189866,325
80106793,1044
80124727,483
80124727,883
80117263,1045
80087897,1046
70084180,1047
80195964,1048
80213024,1049
80213024,1050
80244782,1051
80144280,1052
80209866,1053
80241666,1054
80167648,1055
80202874,1056
70109249,1057
80993095,1057
70045644,1058
70025612,1059
80237006,560
80160033,1060
81111849,1061
80083930,1062
80083752,1063
70185023,1064
70185023,1065
80189827,1066
70202150,1067
81010699,1068
70299863,1069
80133554,1070
80994596,1071
81031939,1072
81028570,1073
80244640,1074
80999729,1075
80992499,1076
80176342,571
80176342,1077
81087094,1078
80221447,794
80221447,1079
80063265,1080
81034931,1081
80202903,1082
80167459,1083
80164778,1084
80068327,1085
80087933,1086
80084666,1087
80192137,883
80192137,483
80195049,1088
80186850,700
80117765,1089
81046255,1090
80218306,484
80211638,1091
80220758,1092
80220758,780
80165083,1093
81057229,1094
80151384,1095
80038335,871
80011852,1096
80121348,1097
81011598,1098
81005364,1099
81035880,1100
81103139,1101
70143369,1102
81096151,1103
70259801,558
80990658,1104
80133663,1105
80117082,1106
81043473,1107
80091267,850
80182919,1108
80182919,1109
80115466,1110
80142223,1111
80142223,1112
80080768,328
81061407,1113
80161216,1114
80161216,1115
80218111,1116
81103108,1117
80236341,1118
81041271,1119
80216758,1120
70083809,1121
80028529,1122
70154110,1123
80998967,1124
81038047,1125
60021906,1126
70142827,1127
70149579,981
70109375,1128
70289558,439
81085319,1129
70117577,1130
70158421,1131
20258084,1132
80097814,1133
70241757,1134
80133551,283
81110388,1135
81110388,1136
80220311,1137
81110389,1138
70111279,1139
81123050,1140
70007056,1141
70035357,1142
80108481,1143
70153178,439
70073018,1128
80994416,1144
80243408,957
80994418,1145
70050576,1146
70253596,829
80157133,244
80157083,1147
80098287,1148
24081514,244
80157564,1149
80178078,1150
80178078,1151
80104330,1152
80104330,1153
81053958,1154
81094666,199
80223928,800
81065331,2
80186940,412
80120740,539
81077874,1155
80117736,1156
80117736,1157
80114666,1158
80114666,1159
80114666,1160
80157866,1161
80161029,1162
81039410,1163
81012340,1164
70242536,1165
80192065,883
80192065,483
80192065,1166
80143556,807
80143556,1167
80143556,1168
80216541,117
80194950,1169
70261058,1170
70204288,1171
80057278,1172
70293703,1173
80165853,1174
80161108,1175
80082660,1176
80028359,325
81076049,1177
60031264,1178
81059956,1179
81059956,1180
81094667,1181
81069255,1182
81094083,1183
80208082,1184
81080637,1185
81049260,1186
81017593,1187
70270364,1188
81093342,1189
70056441,1190
419733,724
419733,1191
81021631,1192
80241044,1193
80213148,1194
80150390,43
80993495,1195
80192548,1196
80192548,1197
80232330,1198
80103425,1199
80170875,1200
80990815,1201
80990816,1202
80990829,1203
80238110,1204
80241876,1205
80241876,1206
80990811,1207
80224106,555
80206732,1208
80990810,1209
80235767,1210
80235767,1211
80990814,1212
80245268,1213
80228322,387
80223149,1214
80179373,1215
80233962,1216
80233493,376
80990813,1217
80220531,1218
80134149,1219
80115133,1220
80176698,156
80165848,1221
70275753,1222
70275753,981
70275753,1223
70275753,561
70295762,1224
80165849,1225
80158395,1226
70275774,1126
80103430,1227
80103430,1228
80165850,1229
80103372,1230
80068117,979
20764666,1231
70268209,1232
80165851,1233
70129415,1234
70129415,1235
70129415,1236
70129415,1237
70129415,1238
70129415,1239
70129415,1240
70129415,1241
70129415,1242
70129415,1243
70129415,1244
70129415,1245
80095094,1246
80095094,1247
80156763,1248
80156857,1249
70268489,1250
80178720,274
80106505,1251
80015785,1252
80097361,1253
80097361,1254
80176716,1255
80132961,1256
80165857,1257
70258366,967
80165732,1258
80165854,1259
80083589,1259
80032081,1260
17457962,1261
80182105,1262
80182105,1263
80165855,1264
70273637,957
70176968,1099
80173605,1265
80173605,1266
80165856,1267
70308135,1142
80093103,1268
80102305,1269
80102305,1270
70176655,1154
80161848,1271
80209796,1272
81131761,1273
70309693,1274
80107737,1275
80152742,1276
80107370,1277
80095233,1278
70270362,1279
81074140,1002
81074140,1280
80184676,1281
81024044,1282
60023618,533
70113532,908
70074299,1283
80995799,1284
17687959,1285
70100377,1286
80189630,1287
81010867,1288
81010865,1289
81010874,1290
80075018,1291
70260374,1054
80190180,1292
80190180,1293
80150002,1294
80079265,1295
80238080,1296
296682,317
60037606,317
516154,317
80170187,192
80174137,1297
80038296,1298
80011848,1299
70100381,1300
70110919,1301
80221560,1302
80200961,1303
80214580,1304
80085013,1305
81077597,234
80049193,1306
81010871,1307
81004270,1308
81004270,1309
70051671,1310
80144408,1311
81038545,1312
81044496,1313
80235932,1314
80235932,1315
80235932,1316
80235932,1317
80235932,1318
80176592,1319
80170381,1320
80142103,1321
80152842,1322
80049928,1323
80131168,1324
80119190,1325
80119190,1326
80119187,1327
80048568,1328
60027942,1329
80115857,1069
70281026,1330
80119193,1331
80119193,1332
80119189,1325
80119189,1327
80119189,1333
80119189,1334
80119189,1335
80119189,1336
80097423,1337
80097423,1338
70259177,1339
80117458,1340
80143362,1341
80201200,1342
80183197,883
80183197,483
80148210,1343
70128549,1344
70069233,1344
80018336,1345
80180509,1346
80145255,1347
70230147,1348
80105067,1349
81033429,1350
80188579,1351
80992232,1352
80145533,1353
80200571,1354
70129463,250
80170767,1355
80134826,574
81047902,1356
81047897,1357
80216988,1358
80213803,1359
80175623,1360
81002880,283
80222896,1361
81038046,1362
80101096,1363
80202809,1364
80202809,55
80206758,1365
80162210,1366
80126485,1367
80082242,1368
70202151,1369
80999996,1370
80999996,1371
80169617,1372
80144454,1373
80242378,1374
80171733,1375
80245408,1376
80044566,1377
80991158,1378
80169469,1379
80148239,1380
81010863,1288
80162503,1381
80150350,1382
80160692,1383
70060865,1301
80157890,1384
80164752,1385
80135149,1386
80171965,281
80100945,1387
80195967,1388
81048554,1389
81048554,1390
70105459,469
80207444,1391
81033516,1392
81075235,1393
70283202,1354
80156212,1283
70296742,1394
80095531,1395
80192139,883
80192139,483
80192063,883
80192063,483
80218656,1396
80095806,1397
80013550,1398
80013550,1399
81037077,1294
81047798,1400
80189216,1401
80092781,325
81019338,1402
80132964,1403
80117824,1404
80058460,1405
80076467,1406
80049951,1407
80049951,1408
80031800,1409
80017171,1410
80108984,1411
80108984,1412
80158577,1413
70175439,1414
296682,1415
70307848,1416
70105599,1417
60029366,1418
80100260,1154
80017170,1419
70028197,1420
81013990,1421
80171678,1422
81074015,111
81041273,1119
70108985,1423
81004374,1424
70045356,138
70203594,192
70203594,1425
70253171,138
70109657,192
70020728,1426
81024308,1427
81031178,1428
70056425,1429
81050198,1430
81034771,1431
80239442,1432
80238299,1433
80201814,1434
80201814,1435
80192244,1436
80235957,1437
80226021,1438
80147758,1439
80201608,1440
80241537,1441
80241616,1442
80239642,1443
70041893,269
70041893,1444
80238298,1445
80238400,1446
80239738,1447
80239738,1448
80237300,1449
60021758,1450
70095265,1011
70095265,1451
70095265,1452
80117240,1453
80098842,1454
80098842,1455
80156935,1456
80102080,1457
80092884,1458
81060041,1459
70090072,1383
80145621,1289
80100268,1381
80206696,1384
81010870,1460
80226234,1461
80081274,1462
80134967,574
80192187,1463
80189653,1464
80135585,1465
80216664,1466
80017535,1467
80219917,1468
80174144,1469
80220677,1470
80229829,1471
80141173,1472
80134515,1473
80134521,492
80097003,1474
80134516,1475
80134606,347
80134518,1476
80134330,492
80038298,1477
80038298,1478
80134500,1477
80038353,492
80038354,492
80038439,492
80038440,1479
80134604,1480
80134524,1481
80134524,1482
80038355,1483
80038441,1483
80134433,1484
80134436,1473
80134514,184
80134398,184
80134520,1485
80134420,51
80134501,492
80134399,184
80134399,1486
80134438,1487
80134435,1488
80134519,1489
80134434,347
80160357,1490
70299745,426
80038527,426
80038527,1479
80038445,426
81059183,1491
81024332,1492
80987464,1493
80156925,1494
60002907,1495
80207473,1496
80990534,1497
70111265,1498
70111265,1499
70024098,1500
80071907,1501
70020730,1502
80057137,1503
81045720,1504
70236016,1505
81069249,1506
81083971,1507
80200047,1508
80156772,1509
81016361,1510
81016361,1511
81016361,1512
81055395,1513
81055395,1514
70077556,1515
70100412,1516
60021299,1517
70129374,1518
80167647,1519
80184973,1520
70229921,1521
70021551,596
70021551,595
80175151,1522
80232404,1523
60036746,1524
60036613,469
80214584,1525
17671454,1526
60036617,1527
60036617,1528
70294790,1529
70063017,1526
60003401,390
80224605,1530
70021253,1126
70138498,1531
80188099,1532
70025303,1533
70048905,386
80223227,1534
80223195,1535
80236906,1126
80238297,1536
80235958,1537
17969262,1538
80223317,1539
80223317,1540
70012334,1541
70012334,1542
80106947,1543
80082014,1544
70291094,1545
70250369,1546
70250369,1545
80223230,392
80059049,1538
60032008,1440
60037397,1132
80223228,1547
70001082,1548
80238291,1549
80158247,1550
60035875,1551
70244982,981
70065769,1552
70099702,1553
80238637,1554
80188777,1555
80238293,1264
80132381,1556
80023851,1529
70019491,569
70304187,1316
70304187,1317
70304187,1318
60001670,1538
80196367,1557
70134669,712
80202728,1558
80238294,1559
80023853,703
80244078,856
80238190,1560
70304188,1316
70304188,1317
70304188,1318
70304186,1316
70304186,1317
70304186,1318
70304189,1344
70143440,1344
20717860,1561
80201833,1562
80238295,1563
80223190,1564
70125935,1565
60021903,1538
70001564,1526
70001564,1566
70175127,1567
80172471,1568
80144119,1569
80165917,1570
70155788,1571
80141767,1572
70285730,561
80172469,1573
80097530,1574
80092404,1575
80092850,1576
80093127,306
80103734,1577
81061410,1578
60024935,1579
80168189,1580
80244709,1581
80194946,1582
80159025,1583
81025973,1176
80121387,1584
80227090,1585
81113918,1586
81029736,1587
81051688,1588
81113921,1589
80173387,1590
81013112,1591
81013112,1592
70290904,1593
70294793,1594
81030855,1595
80079473,1596
80018328,1597
80996787,1414
81035881,1598
81035843,1032
81035837,1599
80039136,1600
81035884,1601
81035863,1602
81035858,1603
81035882,1602
81035859,1604
81035859,1605
80223226,844
81076055,1606
80996790,1607
80996790,1608
70181716,1609
70270388,1610
80186608,1611
80042309,1612
80169554,1613
80114804,1614
80237423,700
80237423,1615
70117293,1616
80121841,1617
81093122,1618
70293788,1619
81039384,1620
70245034,412
80220676,1621
80109341,1622
80109341,1623
80144311,1624
80109145,421
80109145,1625
80117455,1626
80132626,1627
80106124,1628
80106124,876
81145270,1629
81128584,1630
80198478,1631
80191989,883
80191989,483
80238434,1632
80217569,1633
80015210,1634
80134080,1635
81130373,1636
81091378,1637
81136964,1638
80233215,1639
80241779,1640
80091936,1188
81110498,1641
81060096,1642
81060096,416
80133553,1643
70236020,1644
81002747,1645
81002747,1646
81002747,1647
81075239,1648
81075239,1649
80192018,229
80200015,574
80161640,1650
80108952,1651
80996192,1652
81090899,1653
81095399,1654
80038207,1655
80171598,1656
80160994,1657
80191356,1658
80191357,1658
80097641,883
80097641,483
80097349,1659
80231602,1660
26009364,354
26009364,1661
80143794,1662
70026432,1663
80155477,1664
80038420,1665
81035849,225
80195901,50
80195901,1666
80128245,1667
80993655,1668
80167644,1669
80167644,1670
80027041,1671
80027041,1672
80027041,1673
80027041,1674
81018067,1675
80220422,1676
80220422,1677
80220422,1678
81033473,1679
81035870,1680
60024788,1679
60024788,1681
80166185,1682
80166185,1683
81035877,1684
81131274,1685
81131274,1686
81035876,1687
81035875,1688
81027187,1689
81035871,1690
81035871,1691
80173234,1692
80151644,1693
80151644,1694
80185223,1695
70038131,1696
81110386,1697
80108430,1698
70135893,1699
80121844,1700
80158750,1701
80216302,1702
80216302,1703
81017094,1704
80241071,1705
80233611,1706
80233611,1707
80160814,1708
80993404,412
81001090,1709
81083891,1710
81136963,1711
80076698,335
80038159,1712
80037691,1713
80998296,1714
80094358,1715
80094358,169
80094358,1716
81123052,1717
81035887,1718
81113927,1719
70074315,269
70074315,1720
80991033,1222
80991033,1223
80991033,561
80991033,981
80244547,1721
80244547,1722
80184100,1723
80131280,1724
80991026,1725
80164206,1726
80187684,1727
80160726,1728
80104706,1729
80158770,1730
70302844,1731
80245601,1732
80242619,1372
70267830,1733
81035841,1684
81147766,1734
81035889,1599
81088277,61
81035874,1032
81035883,1735
81035848,1736
80176756,1737
80168221,1738
70261178,1739
81002929,574
80221016,528
80222188,1740
80221640,1741
80221640,1742
60001104,1743
80132601,1744
80176866,1745
80114989,1746
81092768,1747
81092766,1747
70060018,1748
70202141,1749
81032375,1750
352989,56
81062606,1751
81092767,1747
81092909,1747
81070008,1752
70098605,1753
81077539,1754
20129240,824
70108017,1755
70011219,1756
80097424,1757
80203143,1758
81068732,1759
60026155,1760
80994443,1761
80245442,1762
80190515,1763
80048218,1764
60033300,1765
70011206,1766
80998558,1440
80168167,39
80245626,1767
80196584,1768
80157084,253
80158580,1769
80108609,1770
80144804,1771
80106038,1772
60000901,1773
80158769,1730
80158579,1769
80158920,1774
80107736,1775
80148967,1776
70057994,1087
80156937,1087
80158546,1777
80156936,253
80121843,1778
80158581,1769
60023237,237
80093213,1364
80103623,1779
80032640,1780
81098589,1781
80221446,1782
80991107,1783
80048977,1674
70189282,1784
80119249,1785
80117747,1786
80004286,1787
80004286,1788
80004286,634
81039323,1789
81039323,1790
80192064,883
80192064,483
80176715,1791
80168029,1792
80245121,1793
80177339,1794
80170277,1795
80097355,232
80097355,1796
80097355,1797
70122316,1134
80099089,1798
70303706,987
81039161,1799
80240537,1800
80997870,1801
80997870,1802
60001377,137
81151899,1803
81017011,1804
80999990,1805
80999991,1805
81000000,177
80162192,1806
80162192,1807
70074100,1749
70224969,1808
70261273,1808
70250364,700
80198632,1809
80198632,1810
70278933,1781
80093198,1811
81018141,1812
81015524,1812
70124965,1813
80999107,1814
80992365,1815
80195835,1816
80171022,1817
80192135,883
80192135,483
80236421,1818
81092331,1819
80173485,1820
81028404,1361
80198508,1821
80228239,1822
80155932,1823
80994020,1824
80049094,532
80049177,1825
80025495,110
80023689,1826
70278930,1827
80038337,1828
80038337,1829
80053475,1830
80999986,1831
80022605,1832
80029901,1833
80037478,1834
80007777,1835
80999987,1836
81000015,177
80999982,177
81005453,703
80999989,1805
70218312,1837
80185321,1838
70298116,1839
70298116,1840
80213658,816
80232989,1841
80014857,607
80145512,1842
80225024,897
70108777,353
70259259,1843
80017021,1463
70099615,360
70099615,1844
70034607,1261
70118801,1845
80213654,277
80158802,412
80158802,1846
70117354,730
81036524,1847
70025372,1848
70025372,1849
70123160,1850
70299270,1851
80017280,1852
80017280,1853
80155863,953
80107087,1854
81035840,1855
81035840,1856
80195962,1857
80186829,1858
80013547,1832
80115874,1859
80244472,1581
80190463,1860
80164164,1861
80997613,1862
81092325,1863
70053885,1864
70301275,380
80073823,1865
70299859,39
80027378,1866
70266679,1085
1005494,813
80998968,1867
70272893,1868
80232891,1869
80180376,1870
80180376,1110
80183329,1871
80192842,1872
80154884,1873
81113926,1446
80217130,1874
80167460,1875
80028208,1876
80028208,1877
81155782,1878
81003981,1838
81003981,1879
70042688,1880
70109429,1881
70109429,1882
81011993,1883
81153373,1884
70262783,1885
70293661,1886
70266171,1887
80095718,1888
70257413,1889
80988262,1890
70295189,1891
80993684,1892
70257860,1893
70171835,1450
80993650,1894
80049979,1895
70267439,1834
70293812,1896
80113589,1897
70298393,1898
80191557,1899
80096585,1900
80096585,1901
80096585,1902
80096585,1903
80096585,607
80096585,1904
80096585,921
80096585,1905
80096585,1906
80106928,1907
80064459,1908
80102204,1073
80014996,1909
60003082,1910
80081277,1911
80149064,1912
80171659,1913
80097221,1914
70306646,1915
81011936,1916
80167481,1917
80214743,1918
70270773,572
70270773,573
80991827,1919
70300666,1920
70300666,1921
80044126,277
80148179,1922
70301023,277
80221109,63
81145271,1923
81024041,1924
81044248,1925
80221677,1926
70084221,1927
80120200,1928
80993655,1929
70299904,1930
70299904,1931
80171125,1932
80106989,1933
80044731,1934
60010069,528
70084148,1935
70101345,1936
80238020,1098
70128697,1937
70044688,1938
60035622,1939
80117079,1940
70001958,528
70066433,505
70098899,1941
81121172,1942
81121173,1943
81121174,1944
81121175,1945
81121176,1946
81121177,1947
81121179,1948
81121180,1949
81121180,1950
81121183,1951
81121184,1951
81121185,1952
81121186,1953
81121187,1954
81121187,1955
70265211,1956
70109689,1349
855084,216
70105369,1957
60029369,1958
80005738,1959
80005738,1960
60000415,531
70112731,533
81130297,1961
81130297,1962
60033320,1963
81060038,1964
60020745,1965
18907685,528
81113468,1966
70114342,1967
70114342,1968
70021661,908
70084795,1969
60027701,1970
70021654,1971
70001777,528
80182447,1972
70055855,1973
70295560,1628
70295560,876
80994575,1974
60036112,577
80994424,1975
80997402,1976
80994423,1977
80236278,1978
80217136,1979
80115118,1980
80180851,1981
80236279,850
80994573,1982
70057519,1983
80994425,1984
60029032,1985
81002211,1986
70062158,1131
80994419,1987
80994426,1988
80994574,1989
70125939,1990
80994420,1991
70205125,1992
70034610,1993
80992111,1994
80222256,1995
80206917,1996
80206917,1997
80206917,1998
80994421,1999
70098332,2000
80236280,1233
80994572,2001
80996349,2002
80996349,2003
80993648,2004
70306701,2005
80178940,2006
80158301,2007
70290905,1890
80167699,2008
80158390,1777
80184770,2009
80191358,1658
80190946,2010
80107948,2011
80094964,2012
80158481,2013
70299811,2014
70229498,596
70229498,595
20257393,1777
80093106,2015
80171528,2016
80187467,2017
80187323,2018
80157132,253
80093104,2019
80093104,2020
80093104,2021
80093104,2022
80106979,283
80053140,2023
80105672,2024
80114700,2025
80114700,2026
80106139,2027
80108386,2028
80108386,2029
80108386,2030
80108386,2031
80108386,1217
80108386,2032
80108386,232
80108386,2033
80108386,2034
80108386,2035
80108386,2036
80085300,2037
81214114,376
80198623,1870
80198623,1110
81062853,2038
80220814,1773
81046962,1773
80150242,2039
80213403,2040
80233024,2041
1193180,2042
70251894,1029
80077923,412
80173542,2043
80233408,1576
70142888,1429
70142888,2044
81048548,2045
81045052,2046
80079428,2047
80096786,2048
80200744,2049
80097725,2050
70295415,2051
80125627,2052
81037970,2053
81037986,2054
81037985,2055
80153895,2056
70026431,2057
80020885,1357
80002667,53
80174974,2058
80213400,2059
80213400,2060
80213400,2061
80213400,2062
80213400,2063
80213400,2064
80213400,2065
80213400,2066
80213400,2067
80213400,2068
80148595,2069
70301484,2070
80038358,2071
80998427,2072
81030789,2073
80134893,2074
81047683,2075
81049950,2076
80188596,2077
70307659,794
80224476,2078
80133549,412
80081958,2079
70113347,2080
80097389,2081
80097389,2082
80221639,2083
70099120,2084
81024718,589
21028726,2085
80019930,55
80019930,2086
81006825,2087
81213891,392
498716,2088
80220085,2089
80244855,2090
80134966,871
80220813,1880
81048561,2091
81026705,2092
80122209,1779
80109193,2093
80109193,2094
80117940,2095
81047898,2096
81057249,2097
81047900,1357
81047899,2098
81047901,1357
81047901,2099
70261978,501
80099016,2100
60024962,2042
81031181,307
80107084,1517
80196589,2101
80125818,2102
80125818,2103
80192138,883
80192138,483
80239629,2104
80239629,2105
80180171,2106
81023638,264
80190283,2107
80148920,2108
80233925,2109
81021098,2110
81021098,2111
80194737,2112
80192062,883
80192062,483
80193614,2113
80117453,700
70296733,2114
81026192,2115
70109891,2116
80003479,2117
80163053,2118
80208684,1695
80124680,2119
80124680,2120
80214777,1918
80079427,883
80079427,483
81026986,2121
80149575,2122
80144448,2123
80100936,2124
80192420,2125
771476,908
771476,410
80198056,2126
80198056,2127
80045818,2128
80195429,2101
80158485,932
80198661,2129
80198661,2130
80119375,2131
70271454,2132
80134721,2133
81038976,2134
80988257,456
81023713,2135
80174219,2136
80133139,2137
80191988,883
80191988,483
80180373,1870
80180373,1110
80117452,690
80152003,2138
70268449,1840
81147285,2139
70120142,2140
70142824,2141
81235729,2142
80057599,2143
81093113,2144
80049358,549
70141971,2145
70141971,2146
70114021,837
70114021,836
70275751,2147
70098902,2148
80118718,2149
60022265,1971
81026003,2150
60022413,2151
80169611,2152
81144867,2153
81127333,2154
60000878,2155
81047445,2156
81045085,2157
81050190,2158
81045065,2159
80028965,2160
81050191,2161
80202078,2162
81047446,2163
81000511,2164
80218104,2165
80218104,2166
81044856,61
81044857,61
80154682,2167
80158543,263
80158543,253
80223136,2168
80189955,2169
80116307,2170
80228321,2171
80228321,2038
80156940,244
80222177,2172
80224233,2173
80168300,2174
80228282,2175
70114977,2176
80105342,2177
70285683,2178
80141338,2179
80015154,2180
80106440,2181
80128690,1708
80141337,2182
70118799,335
70137753,335
81060049,2183
81060049,2184
70244163,1641
81221851,2185
70298946,2186
80144144,2187
80106504,2188
80141335,2189
80115030,2190
70291114,221
81044299,2191
70113534,2192
80113667,2193
80096955,2194
81173792,2195
81113919,647
70065107,2196
80990532,2197
80108149,2198
70120182,2199
70120182,2200
80173395,2201
80187307,412
80098203,2202
80081960,2203
81221873,2204
81036539,2205
80238293,2206
80202273,2207
80170870,2208
81183491,1225
70253597,2209
70199239,2210
80099306,2211
484369,790
80109128,2212
80187188,2213
80117811,2214
70084788,2215
60036237,2216
80014637,506
60000407,934
70202138,2217
81035731,2218
1181488,2219
70308046,1379
80108158,2220
60024942,787
60000891,2221
70021648,2222
1151188,607
374651,2223
70124183,1832
60026106,2224
60026106,2225
70041162,1285
70082268,2226
70019004,2227
70128701,2228
1151721,2229
60029363,81
80032636,2230
60002003,2231
1179574,2232
81103093,1883
60000393,2233
60026114,808
70042687,2233
523650,2234
70104894,2235
70104894,2236
70100448,2237
70100448,2238
70118155,2237
70044594,2239
81088083,561
81088083,981
81088083,1223
81088083,1222
80180373,1748
70065096,1300
70000091,2240
70019506,539
70150473,1303
70131314,2241
70284281,2242
81084305,192
60021788,2243
70112732,2244
60021790,2245
60031236,353
60032563,353
673843,2246
673843,2247
1180086,2248
281550,2249
70125232,2250
60000440,1641
81217437,994
60000480,684
70021634,2215
70112500,2251
786137,2252
60034568,1760
70050507,2253
70125581,2254
846071,222
81140307,2218
70128695,2232
80095807,2255
70121008,2256
60000870,2257
70260512,2258
80135276,2259
60035996,222
60000409,2260
60022396,2261
28631029,1969
60022058,1969
70077544,2222
60023856,2262
60029154,378
70103524,484
70021631,2263
404067,1970
70020296,944
70021652,2264
70061763,2265
70113006,808
70105370,2266
70105370,2267
60004484,2268
60004483,2268
5670479,2269
60001807,962
793907,1958
60001854,262
20159719,2270
60024914,2271
60000209,2272
60033108,2273
60021377,2274
60033107,2275
80066084,376
1067876,2276
70117902,796
60001396,2277
22007250,413
60020949,2278
60011597,2279
70100379,1880
70209245,2280
70045863,2281
70045866,2282
80999981,2283
60022056,2284
80016588,697
70011207,2285
60027689,1349
80239710,2286
80108616,671
70084799,787
60010487,787
60011649,787
60010488,787
60004476,607
70299748,210
80214621,2287
80245709,2288
70117299,2289
16944044,2290
81045060,2291
60031284,2229
70256512,277
70058019,2292
81046846,2293
880640,353
81052279,2294
81052277,2295
60026139,558
70101375,2296
408911,523
80195885,2297
70307648,2298
70174741,2299
60023619,81
70023960,505
80201623,2300
80202086,2301
80201626,1434
80201626,1435
80195653,2302
80084756,2303
70117122,1434
70117122,1435
80197427,2304
80084454,2305
80208908,2306
80167491,2307
80167491,2308
80206907,2309
80202905,2310
60035870,2311
80074065,2311
80201809,2312
80228146,2313
70169918,2314
80201810,2300
80221637,2029
80197301,2315
19207412,2311
80217436,399
80201618,2312
70128225,2316
80020131,300
80020131,1788
70286028,1787
80020036,2317
80020036,2318
70301472,55
70286029,1787
70286029,1545
70286029,2319
80138615,2320
70297799,2321
80131236,2322
80184547,2323
70116578,2324
80202908,2325
80184135,2326
80139199,2327
80208830,111
80201813,2328
80155790,2329
1065372,2330
80159566,2331
80201815,851
70114043,1437
80154688,2332
70060010,2333
70060010,2334
80011026,1249
80117742,2335
80147318,2336
80152741,2029
80097375,2337
80097375,2338
80097375,2339
80118002,2340
80092837,2341
80092837,2342
70242899,2343
70053412,2344
80131616,2345
80174367,2346
80174367,2347
80217312,2348
80117531,2349
80153131,2350
80991400,430
81059388,2083
80231156,2351
80191045,2352
81029383,2353
80178280,639
80119555,2354
80158270,2355
70302836,2356
70302836,2357
81034763,2358
80151370,114
80151370,780
81010962,2359
80094258,2360
80201570,2361
80225034,825
80044834,932
80216779,2362
80201497,2363
80134431,2364
80198745,2365
80198745,2366
80167628,2367
80059410,871
70252885,1909
80157760,2368
80065220,2369
80065220,2370
80124726,883
80124726,483
70301279,2371
81002591,2372
81002591,2373
80123777,2374
80123777,2375
80109296,2376
81017530,2377
80190130,2378
80226357,2379
80061160,2380
80133550,732
80133550,1230
80103313,2381
80092925,1460
80094723,1288
81010869,1305
80188883,1305
81045072,2382
81010873,1460
81010864,1288
81010866,1460
80175332,1460
81047510,2383
81047510,2384
81047510,2385
80011541,1460
80065327,2205
81010872,1289
70123648,1288
70127628,1460
80050106,1290
80134779,700
80159955,2386
80013282,2167
70167133,2387
70039645,2388
80103313,2389
80213299,2390
80213299,2391
80213299,2392
80213299,2393
80213299,2394
80213299,2395
80213299,2396
80213299,2397
80214579,2398
80119235,2399
80039717,2400
70278931,59
70305955,2401
81051693,2402
80109295,2151
80071048,2403
80002073,2404
80002073,254
80021983,2404
80002074,2404
80100937,2405
80023667,2074
80191608,2406
80119233,2251
80100261,2407
80100261,2408
80992973,283
81026327,2409
80224060,2410
81027190,2411
81071868,251
80013712,2412
70292939,309
80057509,2413
70202577,1227
80118004,2414
80003151,2415
80003152,2416
80012477,2417
80003153,2418
70296573,2418
80236133,2419
81069254,1150
81069254,2420
80223050,2421
70251896,787
80198735,2422
80134969,799
70166234,2423
60031404,2424
81031652,2425
80217121,2426
80117596,560
81060040,2427
81005266,2428
81063743,2429
80219974,2430
80177414,2431
80226233,2432
80098490,2433
81024494,2434
70176656,533
80214581,2435
80223731,2436
80211728,2437
80121386,2406
80158772,2438
80152627,2439
80149259,2440
80149259,2441
70307570,2442
80081337,2442
81057246,2443
80175623,2444
80222025,2445
80161850,2446
80107808,2447
80123910,979
80103428,979
80113673,1174
80013271,476
80989337,2448
80191555,2449
80184625,2450
70100084,679
80106438,2451
70295085,491
70295085,635
80159877,2452
81043345,347
80208091,2453
81052266,2454
81067757,2455
80095232,885
81067758,2456
70002291,1250
81050193,2457
81067759,2458
80045203,2459
81043346,118
81045069,2460
80216820,2461
81026667,2462
81026667,2463
70056686,2464
81067761,2465
80992672,2466
80992672,2467
81050194,2468
70109378,2469
81043343,2470
80988834,2471
80144372,2472
80201612,2473
80202087,1717
80201816,2325
80201816,2474
80201605,2475
80201609,1257
70116577,2476
70121660,856
70120167,93
80201622,2300
80201817,2475
80082749,2477
80065214,2478
80152155,2479
80152155,2480
80167461,2481
80157565,2482
81071972,2483
80244853,2314
80167498,1628
80227304,2484
80081987,2485
80134968,2486
80134887,2487
80046696,2488
70118368,486
70118368,2489
81012294,2490
81012294,2491
81012294,2492
81012294,2493
81012294,2494
80013293,2495
80241304,2496
80147513,2497
80103818,2266
80103818,2498
80174429,1073
80174429,2499
80174429,2500
80174429,2501
80174429,2502
60022998,2503
60022998,2504
60003378,2298
70132722,2505
81045891,2506
81045891,2507
81059656,2508
80080618,2509
80994282,2510
80220013,2511
80065492,2512
81050118,616
81050118,2513
81048914,303
80220228,2514
70101697,603
80106984,2495
80104316,2515
80208661,2516
81063480,2517
80199689,2518
81059649,2519
81059649,2520
80205451,676
70045919,1674
80141928,2521
80198055,2522
80195654,2523
80170992,2524
80163352,2525
80217040,1979
80172958,327
80171291,2526
80234290,1960
80234290,2527
80005332,2528
80060060,2529
80091866,2530
80017528,2531
80095530,2004
80093105,2532
80127604,2533
80156767,2534
80156767,2535
80159668,2536
80159668,2537
80159668,2538
80159668,2539
80152745,351
80167843,2540
70306702,2541
81004748,2542
80174959,685
80225595,2543
80160347,502
80098200,2544
80081410,1315
80081410,1316
80081410,1317
80081410,1318
70117322,2545
81157385,2546
81033201,2547
81033201,2548
70253594,2549
70266069,280
70035037,149
81016342,708
81016342,153
70152959,2386
70144331,2550
80178974,2551
80157086,253
70089214,2552
60020906,569
60002808,2553
70129396,2554
70129396,2555
80156938,263
80156938,253
70087087,2556
80156405,2557
80103392,2258
80098288,2558
70103762,2559
80223271,1858
81016408,2560
80201490,2561
80993105,2562
80195198,2563
81003741,2564
81172740,2565
80223779,377
81068687,2566
81172758,2567
81172758,2568
70120340,2569
80126997,414
81172868,414
81002594,680
80185876,2570
80117746,2410
80142615,2571
80115673,2572
80105691,2573
80244190,2574
80187435,277
80104103,2575
80004478,412
81188871,2576
80211590,2577
80988989,2578
80117080,2579
80042368,2132
70211474,984
81213876,2580
70056728,2581
81161834,2582
247747,2583
70064205,2584
80083672,2585
60003405,2586
70053010,2587
70062701,387
81213889,469
70005055,2588
352989,2589
81213893,1126
372195,2590
20255593,2586
70059328,2591
81213888,1529
60024927,505
20255837,2592
70006866,2593
20077944,1132
20705133,2594
21028086,2586
22040803,2269
70054380,2530
60020236,2595
20765027,2596
81109078,2597
81213885,2598
70129075,454
70295531,2599
17457622,1126
20712279,2600
70051840,2601
81213895,2586
24073896,2602
81221913,2603
70040912,1126
81213979,2604
70018445,1126
81213897,2596
81213882,2605
81213896,2606
60003097,2588
81213887,2607
896678,2608
81217436,2609
81221914,2610
70072558,2611
60002818,2588
20257617,2612
70059284,469
60001404,2606
81213879,2613
81213898,464
28371873,2614
17016471,2615
70065255,454
60021548,994
81217438,2616
81213873,2617
81213874,2618
81213884,2619
81045989,2299
70059483,2620
80108207,2620
70043231,2621
70043231,2622
60004393,2623
70026468,2623
81031650,2624
81006261,471
81045509,2625
70298389,2626
81045530,2626
81045511,277
70266169,2627
80210716,2628
80210716,2629
80230402,281
80230465,1528
80230465,2630
80168234,2631
80221778,2632
80184972,2633
80184972,2634
80208212,2635
80218432,2636
80115134,2637
80098284,2638
80087891,2639
80022613,2640
80163263,2641
81078397,2642
80221271,1098
80103374,2643
81167490,2644
81012943,148
80044536,2645
70301620,2646
70213471,2647
70132228,2648
70132228,2649
80194671,2650
70253398,2651
80185375,2652
80097519,2653
81024730,2654
80151663,2655
80244708,2656
80244708,2657
80082739,2658
81228864,2659
81094074,2660
81044813,2661
81029400,2662
80141781,2663
70253590,2664
81150338,2665
80013773,2666
80098103,770
80211991,2667
80182473,2668
80214478,277
80182034,2669
80182034,2670
80083594,2671
81164603,2672
81000505,2673
81000505,2674
81045499,2675
81164636,376
81037697,2676
81037697,2677
80208235,2678
80219127,2679
80219127,2680
80052828,2681
80052828,2682
80244123,2683
81104634,875
80171023,1851
80107989,1927
80168161,1915
80158649,2684
80134885,2685
80136548,2686
80136548,2687
80097363,329
81014479,1917
80989338,2688
80131551,2689
80119234,749
80229953,995
81108479,2690
81172830,2691
80999643,2692
80196789,2693
81020973,2642
81019341,2694
80223098,2695
80132411,2696
81172911,414
81172897,2697
80174451,2224
81001097,2698
70270949,2699
81008536,2700
81036532,2701
81036535,2702
81036533,2703
80232740,2704
80232740,555
80107030,2705
80163222,2706
80142140,2707
80117628,138
60030245,2708
70271592,2709
80046144,2710
80046145,2710
81036338,2711
80058480,2712
80206847,1993
80164930,2713
80115102,2714
80098467,2715
80098491,607
81018239,2716
80205978,2717
80189806,2718
80155902,2719
80206057,2717
80105358,2720
80108691,96
80166467,2721
80166467,1095
80218939,2722
80175314,2723
80039655,2724
80023921,2725
80023921,2726
81070659,2727
81045765,2728
81018634,2729
80039602,2730
80090672,2731
80012535,2732
80012535,586
70137790,2733
81048551,2734
81048551,2735
81048551,2736
81048551,2737
81048551,2738
81048551,2739
81048551,2740
81048551,2741
81048551,2742
81048551,2743
81048551,2744
80058477,1699
81039381,2745
80026431,2746
80026431,2747
80013772,2748
80013474,2749
81016045,1419
80232329,2750
80000644,2751
80145625,2752
80144803,2753
80127459,2754
80125782,2755
80074933,2756
60021525,2757
80057585,1222
20255837,2757
70224999,2757
70181734,2386
80205232,754
70254352,2758
81213153,2759
81213148,2760
70134537,2761
70001237,2757
70114467,1222
81213149,2762
70110883,976
60004509,2763
60004509,2764
60004509,2765
70262614,2758
70202336,1222
81025946,2766
81036745,2767
80188902,2768
81045054,2769
70117674,2770
80104116,8
80197310,2771
80220783,2382
80177441,2772
80218586,2773
80210182,2774
80018252,2775
80203788,2776
80227673,2777
80218784,2778
80218783,2779
80223049,2780
80217545,2781
80203784,2782
80203784,2783
80106230,2784
70003680,2785
80216662,2786
80093295,2787
80142450,2788
80087348,2789
80098810,2790
81221873,2791
80085567,2792
80240715,237
80222301,2793
80222301,2794
80104182,2795
81001887,507
81172747,2796
81172757,2797
70243446,2798
81210770,2799
81060232,2800
81060232,2801
80158871,700
80139397,2802
80107019,2803
80107019,2804
80191835,2805
80124728,883
80124728,483
80020772,1089
70290567,2806
81037373,2807
80065754,2808
80205065,2809
80194612,2810
80104420,2410
80039517,1285
81035888,1032
81036542,871
81001121,2811
80144453,2812
81009829,2813
81009829,2814
81148811,2815
18066997,2299
60023608,2228
1153656,2228
21302357,2228
81217745,2816
80011622,2817
81165325,1361
81217746,589
70023451,348
80182479,1008
81217741,2818
60024161,2819
873159,907
81217747,2820
70229213,2821
80191294,2822
70021640,533
70044689,528
80208793,2823
80208793,2824
81217742,2825
81169158,247
81169158,2826
81149202,2827
70216819,1852
70124651,2828
81002685,2829
70285697,1626
81018536,2830
81018536,2831
81030201,2832
81024726,2833
81015153,2834
81030198,1626
80017265,1626
81024716,582
80106306,2835
80106306,2836
60034549,2253
80135353,2837
70126809,1852
80127645,2838
80187471,2839
81030200,2840
81030197,2841
70104313,544
80166319,2842
80166319,2843
80158854,2844
80158854,2845
80203781,2846
80203792,2847
80191930,2848
80191930,2849
70170181,2850
80173001,2851
80171247,2852
80171247,2853
70286808,2854
70135647,894
70135647,2855
80201828,2856
80203787,463
70236586,387
80191513,2857
80176212,2858
80176212,2859
80113785,2860
80152091,2861
80118982,2862
80149139,2863
80114915,2864
80104240,2865
907090,2866
80149282,2867
80154176,2868
80073100,586
80073100,2732
80073100,2869
70253397,2870
81074367,2871
81091977,2872
81091977,2873
80245357,2874
80128691,2875
70183165,704
80165487,2876
70297144,2876
81065902,2877
80195838,508
81112446,1644
81088318,2878
80080617,2167
80203996,369
80203998,369
80203997,369
80204117,369
80204119,369
80204118,369
80163368,2879
80184868,2880
80044888,1305
80050006,871
80002621,574
81145273,1629
81001278,2881
80165221,2882
81035835,1031
81143771,2883
80208295,2884
80138681,2885
80167488,2886
80142222,730
80156927,2887
80108759,2888
80057578,2889
80018296,2890
70303426,2891
80104648,2892
80992995,2893
80234491,2894
80234491,2895
80234491,2896
80124724,883
80124724,483
80168079,2897
80155475,2898
70254350,2530
70033611,1626
80997863,2899
80114719,2900
80042182,1843
80042182,2901
81091381,1076
81141694,650
80209658,2902
80209658,2903
80994162,2904
80174897,2905
80173176,1268
81167494,2906
80999781,206
80997400,2907
70292992,671
70267834,767
80193491,2908
80184834,700
81046796,2909
81002601,2910
80177776,2581
81016192,2465
81016194,1393
80059505,2911
80163159,2912
81140577,281
80108234,2913
80152442,1904
80161232,2914
70275600,2915
80097431,412
80057691,2916
81003736,2917
70293130,1073
60000677,2918
70012316,248
70304914,2919
70298926,2321
80164392,2920
80122759,2921
80163366,2922
80115152,2923
80048569,2924
81036530,2925
81145277,2926
80245450,2927
81008272,1344
81012978,2928
80144145,2929
80144145,2930
81155859,2931
81155858,2932
81147910,2933
81155802,2934
70285728,2935
70274390,2936
80224150,2937
80128689,2938
80185322,700
80163054,2939
80163054,2940
81151880,2941
81151877,2941
81151878,2941
81144912,2942
81016193,2943
81016196,2944
80201175,2945
81016191,2946
80199962,2947
80134952,2948
80163407,2949
80163265,2950
60021787,528
80162179,2951
80115686,386
70242938,2952
22469949,2953
81155803,2954
70139075,571
70139072,1260
70139072,1682
70267490,171
80087354,2955
70111162,454
80099083,976
60003290,2956
70139074,2957
70303432,571
70303424,1993
70139071,2958
70219529,2598
70056059,981
70114589,2959
80104257,569
80997865,2960
70123124,984
70047320,560
70229043,2961
80087743,1993
70139078,2531
70229041,2962
70187503,392
70075775,571
70204316,2963
80234464,2964
80234464,2965
80209558,2966
80209722,2966
80153897,2967
80138469,2968
80118930,2969
80202810,2970
80202810,1869
80201039,2971
70177633,2972
70177633,1542
80146805,2973
80087352,2974
80173606,2975
80203147,38
80223582,2976
80190984,2729
81092330,2977
80021840,2978
80231419,2979
80235578,2980
80243541,602
70033644,2899
80039484,2981
70059191,2981
11546798,1626
70014531,2982
70026792,1426
80997789,1626
80997867,2983
80039662,2981
80997862,2984
60027334,2985
60027334,2899
80999983,177
70111922,2986
80997859,2987
70130432,2981
70033579,2988
70100527,137
80997857,1626
80997793,2989
80997861,2982
70299867,2990
81154987,2991
81154987,2992
81122206,2993
81122206,2994
81122206,2995
81122206,2996
81122206,2997
81122206,2998
81122206,2999
81004321,1366
80209061,3000
81002212,856
81002212,3001
81002212,3002
81002212,3003
80176707,3004
80199381,3005
80202176,2335
70123118,569
80185166,277
80068219,277
70209163,1130
80163191,3006
80184661,220
80078761,3007
80114111,144
70308278,3008
70308278,2521
81147274,3009
80039439,1758
80044804,412
81147278,3010
81146011,351
80162142,3011
80100772,3012
80188580,3013
80106737,3014
80142058,2979
70044256,2963
70113636,94
70237054,412
70301469,277
81005454,3015
80223371,2229
80175147,3016
80239831,3017
70296443,3018
80168033,3019
1153194,2772
70121522,26
81065784,3020
80124099,3021
70119812,3022
60032685,3023
70006816,2745
70236587,3024
520489,2229
70266677,3025
60010514,353
70301367,949
70301367,948
80014727,3026
81050688,3027
80081505,3028
60022700,798
915927,3029
916043,3030
60010836,3030
916061,3030
60025674,3029
70039168,540
81103092,1883
60031278,3031
60001363,210
60026477,3032
80094096,1264
81085824,3033
1171655,3034
80993489,3035
80993489,3036
70033643,2899
70233317,3037
80997858,2899
80238607,3038
80039485,1848
80998560,3039
70043379,1852
70043379,3040
80232892,3041
70124268,3042
80998564,3043
80997864,3044
70142792,2077
81002214,3045
80993656,3046
80998568,3047
80998565,3048
80998566,3049
81002215,1147
70105338,3050
81014824,3051
81013200,3052
80041339,2194
70105371,430
60022962,1020
81002213,1654
80190147,3053
80190149,3054
80195886,3055
80190148,3056
80147321,3057
70248183,948
70248183,949
70248183,3058
80151962,3059
80190146,3060
80114501,3061
80187107,1890
80167646,3062
80167646,3063
80167646,3064
80185861,3065
80081374,3066
80109260,3067
80109260,3068
80104552,3069
80108996,3070
80109248,3071
70222860,2246
70222860,3072
70222860,1349
70222860,336
70222860,375
70222860,3073
70222860,3074
70222860,3075
70222860,3076
70222860,927
70222860,499
70222860,3077
81026677,3078
81026677,3079
80202076,3080
80094357,3081
81074135,1507
80169549,3082
80091879,53
81091424,3083
80208951,3084
80208951,3085
80105690,63
80134527,3086
80989339,3087
70295170,329
80130625,3088
80096984,3089
80222823,3090
80209895,3091
80189646,283
80226962,3092
80161104,3093
80161104,3094
80191990,883
80191990,483
80098839,3095
80232502,3096
81088786,3097
81086435,3098
81091423,3083
81034317,3099
80185032,3100
80119177,3101
80231064,1482
80227118,1479
80227115,1483
80227113,426
80227116,184
80227119,1481
80227114,118
80194610,3102
80038443,426
80231065,1482
80161109,144
81029737,2988
80227677,700
81092327,3103
80231066,3104
80175333,3105
80198419,3106
70130142,3107
81062674,61
81062674,3108
80217689,3109
80235025,520
80164904,3110
81015498,3111
80157889,3112
81094082,3113
80048940,2266
80048940,3114
80128715,262
80164212,3115
80096782,3116
80164864,3117
80162993,3118
80183328,3119
81035872,3120
81035865,3121
70260989,3122
70260989,3123
80992501,1076
81076251,426
81093925,3124
70126573,1965
70242568,3125
80217772,3126
80164088,3127
80081278,3128
81066244,3129
80991404,2349
81035873,3130
81035862,1031
81094665,2309
81035878,1603
80174683,353
70103759,2215
80182411,3131
80182411,3132
80205442,3133
80205442,3134
80205442,3135
80226424,1404
80158042,3136
80117684,3137
80106337,3138
80106337,3139
80133552,700
81077451,3140
81014345,3141
80158976,1957
80238655,3142
80003150,2417
70296578,2415
70296574,2416
70309257,2418
70309257,3143
80012520,3144
70219642,501
70219642,3145
70219642,1077
70219642,112
80118916,3146
80146759,3147
81073387,3148
80207606,3149
80192186,3150
80216834,3151
80216834,3152
70241596,3153
80174097,1883
81076749,3154
81066961,3155
80174687,572
80015799,1048
80036657,3156
80036657,3157
81037733,3158
80112518,3159
81033430,3160
81035851,1032
80202920,3161
81088285,1227
81088285,3162
81088285,3163
81080942,3164
80187301,3165
80215782,2899
80215782,3166
80172000,3167
81035844,1601
81035842,3020
81035860,3168
81035846,3169
81035846,1735
81035854,1736
80097516,3170
80164465,2675
80117484,277
80017099,3171
81043542,3172
81026329,3173
81026329,3174
81006826,1582
80029368,1643
70222859,3175
70222859,3176
70261674,3177
70045274,3178
81034599,3179
81090128,3180
81090128,3181
70114022,2504
80180225,3182
80015794,3183
81088700,386
70043149,2036
70040077,1250
60031998,1644
60036103,3184
81086641,3185
70027133,712
81086640,3186
81009808,3187
80189853,3188
70059700,3189
70142918,2675
80081790,3190
80015280,2663
80141253,2663
80141254,2663
80160081,3191
80168301,108
80064273,3192
80064273,3193
80098475,3194
80058247,3195
80058247,3196
80058247,3197
81060043,3198
81024557,3199
70124562,3200
80156683,3201
80141185,3202
80126569,1080
80171982,3203
70150437,3204
81041391,3205
81018120,2902
80152625,3206
80175421,3207
80108518,1224
80172002,3208
81019144,3209
81043540,3172
81043541,3172
80170483,3210
81019888,3211
80133153,3212
80149145,2785
81044884,3213
81044884,3214
81044884,3215
81044884,3216
80106743,572
81087095,3217
81026007,1076
80244078,3218
80158875,2718
80142474,3219
80142474,3220
81086434,3221
81083791,3222
81088282,3223
70167072,3224
70058016,907
70077557,892
80233085,3225
80210602,3226
81088283,3227
80141156,3228
70077546,3229
70063591,3230
81052280,3231
70110558,2290
60020916,533
60029178,533
80103336,3232
80207445,2584
80209751,3233
80063773,3234
80063773,3235
81088284,3236
70061480,3237
80987611,1263
70060380,3238
80202808,3239
60010082,3240
60033788,3241
60033788,751
60033786,3242
60033787,3242
60022255,751
60022254,3243
70020048,3243
284890,1132
80226076,3244
70115621,387
80103383,907
60011619,3245
80041337,3246
60033223,1147
607931,3247
70298251,283
60002111,1147
80190215,3248
70000196,2531
80245519,3249
80245329,3250
70083535,2531
70039405,3251
60000722,577
80158546,965
80245518,3252
80124313,2305
60036359,787
80049281,3253
70084328,3254
70099610,1612
80156408,3255
80172938,3256
80131414,3257
80170612,3258
80144890,3259
80106786,3260
80115101,3261
80141261,3262
80158482,3263
80081955,3264
70302835,3265
80125512,3266
70205014,3267
80158479,3268
80100054,3269
80100054,3270
80104237,3271
80093107,3272
80085439,2138
80011846,3273
80064521,351
70197049,90
70197049,3274
70197049,3275
70197049,3276
70197049,3277
70197049,3278
70197049,3279
80020542,3280
70205012,3281
80108561,3282
70242310,832
80175619,3283
80144355,3284
70143825,3285
80066080,3286
60001761,3287
80133311,3286
80027042,3288
80018046,3289
70242081,3290
70143864,2264
70245163,3291
80023644,3292
80179201,3293
80007778,1311
80062047,3294
80103318,257
80171362,820
70180293,3295
70204981,3296
70142436,3297
80176929,3298
80176929,3299
80063224,3300
80164216,2706
80115328,602
80115328,561
80176842,3298
80126599,3301